2026-09-26 00:48:35.631+02:00 [INFO ] GAME_SUBMITTED worker=4 n=1 id=2df29976490af3410b0c027eb99f6758d660d2a8746104a74f0fc55873a3b98e total_submit_ms=14132 deposit_a=3 deposit_b=2 create=3 join=1 turn_a=77 turn_b=15 withdraw=15
2026-09-26 00:48:35.631+02:00 [INFO ] GAME_FINISHED worker=4 n=1 id=2df29976490af3410b0c027eb99f6758d660d2a8746104a74f0fc55873a3b98e state=First finish_wait_ms=0 game_ms=14132
2026-09-26 00:48:35.638+02:00 [INFO ] GAME_SUBMITTED worker=1 n=1 id=957ebea020d6f34c0ad921697cc5985ce558a0bbe0bb5451cde5373a97a09459 total_submit_ms=14140 deposit_a=3 deposit_b=2 create=3 join=1 turn_a=77 turn_b=15 withdraw=23
2026-09-26 00:48:35.639+02:00 [INFO ] GAME_FINISHED worker=1 n=1 id=957ebea020d6f34c0ad921697cc5985ce558a0bbe0bb5451cde5373a97a09459 state=First finish_wait_ms=0 game_ms=14140
2026-09-26 00:48:35.639+02:00 [INFO ] GAME_SUBMITTED worker=6 n=1 id=aca42dcd49ffbb4b537880ef57ce56b515a8252913564720f08a4ddcb4eea547 total_submit_ms=14141 deposit_a=3 deposit_b=2 create=3 join=1 turn_a=76 turn_b=21 withdraw=20
2026-09-26 00:48:35.639+02:00 [INFO ] GAME_SUBMITTED worker=2 n=1 id=0c849177cc22e0a60518586d3518ce089030cf15a44c2268944f334b79514524 total_submit_ms=14141 deposit_a=4 deposit_b=2 create=3 join=2 turn_a=77 turn_b=16 withdraw=23
2026-09-26 00:48:35.640+02:00 [INFO ] GAME_SUBMITTED worker=3 n=1 id=5c84937aa6fc52f5a01de132c698ff4b78e8b6558a7ed8d21a175f81af181602 total_submit_ms=14141 deposit_a=4 deposit_b=2 create=3 join=1 turn_a=77 turn_b=16 withdraw=24
2026-09-26 00:48:35.640+02:00 [INFO ] GAME_FINISHED worker=6 n=1 id=aca42dcd49ffbb4b537880ef57ce56b515a8252913564720f08a4ddcb4eea547 state=First finish_wait_ms=0 game_ms=14141
2026-09-26 00:48:35.640+02:00 [INFO ] GAME_FINISHED worker=3 n=1 id=5c84937aa6fc52f5a01de132c698ff4b78e8b6558a7ed8d21a175f81af181602 state=First finish_wait_ms=0 game_ms=14141
2026-09-26 00:48:35.640+02:00 [INFO ] GAME_FINISHED worker=2 n=1 id=0c849177cc22e0a60518586d3518ce089030cf15a44c2268944f334b79514524 state=First finish_wait_ms=0 game_ms=14142
2026-09-26 00:48:35.641+02:00 [INFO ] GAME_SUBMITTED worker=5 n=1 id=dcfa8b31957513b0229403a9010626a4d869a19575f5f965273c9b3e744daa84 total_submit_ms=14142 deposit_a=4 deposit_b=2 create=3 join=1 turn_a=77 turn_b=16 withdraw=25
2026-09-26 00:48:35.642+02:00 [INFO ] GAME_FINISHED worker=5 n=1 id=dcfa8b31957513b0229403a9010626a4d869a19575f5f965273c9b3e744daa84 state=First finish_wait_ms=0 game_ms=14143
2026-09-26 00:48:35.649+02:00 [INFO ] GAME_SUBMITTED worker=0 n=1 id=261ccd0c9d196af97beacb3a6b694ab9d3eb2460045eab618ad84b7a2da0c3f9 total_submit_ms=14152 deposit_a=6 deposit_b=3 create=4 join=0 turn_a=77 turn_b=20 withdraw=27
2026-09-26 00:48:35.649+02:00 [INFO ] GAME_FINISHED worker=0 n=1 id=261ccd0c9d196af97beacb3a6b694ab9d3eb2460045eab618ad84b7a2da0c3f9 state=First finish_wait_ms=0 game_ms=14153
2026-09-26 00:48:35.659+02:00 [INFO ] GAME_SUBMITTED worker=7 n=1 id=99b817aa38f8a2915799dd20e7e8d305b1ccc63b0f3e8f790a2726e7933fcb5b total_submit_ms=14160 deposit_a=3 deposit_b=2 create=3 join=1 turn_a=103 turn_b=26 withdraw=9
2026-09-26 00:48:35.659+02:00 [INFO ] GAME_FINISHED worker=7 n=1 id=99b817aa38f8a2915799dd20e7e8d305b1ccc63b0f3e8f790a2726e7933fcb5b state=First finish_wait_ms=0 game_ms=14161
2026-09-26 00:48:49.697+02:00 [INFO ] GAME_SUBMITTED worker=2 n=2 id=29446ace6a599b291200791fc3af5b16fee0745b312a44d61b00412b1d9a1843 total_submit_ms=14056 deposit_a=1 deposit_b=3 create=5 join=0 turn_a=29 turn_b=0 withdraw=6
2026-09-26 00:48:49.697+02:00 [INFO ] GAME_SUBMITTED worker=5 n=2 id=4f0e0ec8846d490e6d40070e3bb6e13ceddc33c19ea54ee8d5cbec74b226e47b total_submit_ms=14055 deposit_a=2 deposit_b=2 create=3 join=0 turn_a=26 turn_b=1 withdraw=7
2026-09-26 00:48:49.697+02:00 [INFO ] GAME_SUBMITTED worker=3 n=2 id=bdd7929de1494b0f37d2b948c0e1eefabfcbbad3699d7fe706a5260f6fadde71 total_submit_ms=14057 deposit_a=2 deposit_b=3 create=3 join=0 turn_a=24 turn_b=0 withdraw=11
2026-09-26 00:48:49.697+02:00 [INFO ] GAME_SUBMITTED worker=4 n=2 id=8c4371b1e13bf4bcc2719f58b48e9d84e14678140b1c9d053ed88f25784a2e36 total_submit_ms=14066 deposit_a=1 deposit_b=7 create=3 join=0 turn_a=34 turn_b=0 withdraw=7
2026-09-26 00:48:49.697+02:00 [INFO ] GAME_SUBMITTED worker=6 n=2 id=3c3e9aebf73b56b371ecf0e4b383f873cb353502b2f212450e912e9ea63cce5e total_submit_ms=14057 deposit_a=1 deposit_b=5 create=4 join=1 turn_a=26 turn_b=1 withdraw=8
2026-09-26 00:48:49.697+02:00 [INFO ] GAME_SUBMITTED worker=1 n=2 id=d76aea3c1a7e5866e1cb184e2041d1c1805820d2677fb997ef00b5c4361adc62 total_submit_ms=14058 deposit_a=1 deposit_b=4 create=3 join=0 turn_a=28 turn_b=1 withdraw=8
2026-09-26 00:48:49.698+02:00 [INFO ] GAME_FINISHED worker=6 n=2 id=3c3e9aebf73b56b371ecf0e4b383f873cb353502b2f212450e912e9ea63cce5e state=First finish_wait_ms=0 game_ms=14058
2026-09-26 00:48:49.698+02:00 [INFO ] GAME_FINISHED worker=3 n=2 id=bdd7929de1494b0f37d2b948c0e1eefabfcbbad3699d7fe706a5260f6fadde71 state=First finish_wait_ms=0 game_ms=14058
2026-09-26 00:48:49.698+02:00 [INFO ] GAME_FINISHED worker=2 n=2 id=29446ace6a599b291200791fc3af5b16fee0745b312a44d61b00412b1d9a1843 state=First finish_wait_ms=0 game_ms=14057
2026-09-26 00:48:49.698+02:00 [INFO ] GAME_FINISHED worker=5 n=2 id=4f0e0ec8846d490e6d40070e3bb6e13ceddc33c19ea54ee8d5cbec74b226e47b state=First finish_wait_ms=0 game_ms=14056
2026-09-26 00:48:49.698+02:00 [INFO ] GAME_FINISHED worker=4 n=2 id=8c4371b1e13bf4bcc2719f58b48e9d84e14678140b1c9d053ed88f25784a2e36 state=First finish_wait_ms=0 game_ms=14067
2026-09-26 00:48:49.698+02:00 [INFO ] GAME_FINISHED worker=1 n=2 id=d76aea3c1a7e5866e1cb184e2041d1c1805820d2677fb997ef00b5c4361adc62 state=First finish_wait_ms=1 game_ms=14059
2026-09-26 00:48:49.708+02:00 [INFO ] GAME_SUBMITTED worker=7 n=2 id=8801a4fd0d21b587a19f2cdeab27cef82a1ce34e41ba9a4236e3fea0ba3a6e7b total_submit_ms=14048 deposit_a=0 deposit_b=1 create=5 join=0 turn_a=28 turn_b=0 withdraw=0
2026-09-26 00:48:49.708+02:00 [INFO ] GAME_FINISHED worker=7 n=2 id=8801a4fd0d21b587a19f2cdeab27cef82a1ce34e41ba9a4236e3fea0ba3a6e7b state=First finish_wait_ms=0 game_ms=14048
2026-09-26 00:48:49.718+02:00 [INFO ] GAME_SUBMITTED worker=0 n=2 id=54e334f04dd4b01172795151dbcaa1bac2137c48d0aac2917b7b21933de7942d total_submit_ms=14068 deposit_a=0 deposit_b=2 create=15 join=0 turn_a=41 turn_b=0 withdraw=0
2026-09-26 00:48:49.718+02:00 [INFO ] GAME_FINISHED worker=0 n=2 id=54e334f04dd4b01172795151dbcaa1bac2137c48d0aac2917b7b21933de7942d state=First finish_wait_ms=0 game_ms=14068
2026-09-26 00:49:03.782+02:00 [INFO ] GAME_SUBMITTED worker=5 n=3 id=3dac2bf5bdcf637f7e1a7ddadb485098661b807bbd15fb3eeca41ba73b48a869 total_submit_ms=14083 deposit_a=17 deposit_b=12 create=5 join=1 turn_a=28 turn_b=9 withdraw=1
2026-09-26 00:49:03.782+02:00 [INFO ] GAME_SUBMITTED worker=3 n=3 id=de19a9f421991371e53825e42fcf74e9554329406d837b321bc8beffd37f9624 total_submit_ms=14083 deposit_a=20 deposit_b=2 create=9 join=1 turn_a=28 turn_b=9 withdraw=1
2026-09-26 00:49:03.782+02:00 [INFO ] GAME_FINISHED worker=5 n=3 id=3dac2bf5bdcf637f7e1a7ddadb485098661b807bbd15fb3eeca41ba73b48a869 state=First finish_wait_ms=0 game_ms=14084
2026-09-26 00:49:03.782+02:00 [INFO ] GAME_FINISHED worker=3 n=3 id=de19a9f421991371e53825e42fcf74e9554329406d837b321bc8beffd37f9624 state=First finish_wait_ms=0 game_ms=14084
2026-09-26 00:49:03.784+02:00 [INFO ] GAME_SUBMITTED worker=1 n=3 id=c3626a4303b2d4ec84ca24c2d9ab84c91e3213ecde80bce119dadadf771a4054 total_submit_ms=14085 deposit_a=14 deposit_b=8 create=9 join=0 turn_a=29 turn_b=11 withdraw=1
2026-09-26 00:49:03.784+02:00 [INFO ] GAME_FINISHED worker=1 n=3 id=c3626a4303b2d4ec84ca24c2d9ab84c91e3213ecde80bce119dadadf771a4054 state=First finish_wait_ms=0 game_ms=14085
2026-09-26 00:49:03.786+02:00 [INFO ] GAME_SUBMITTED worker=4 n=3 id=e4c5a9954a019a9551aba6a554f4b9de80994fbf89812779d099e1961ee8d274 total_submit_ms=14087 deposit_a=17 deposit_b=4 create=9 join=1 turn_a=29 turn_b=13 withdraw=1
2026-09-26 00:49:03.787+02:00 [INFO ] GAME_FINISHED worker=4 n=3 id=e4c5a9954a019a9551aba6a554f4b9de80994fbf89812779d099e1961ee8d274 state=First finish_wait_ms=0 game_ms=14088
2026-09-26 00:49:03.813+02:00 [INFO ] GAME_SUBMITTED worker=6 n=3 id=3ab06cd9ed728448b73523837b4048f14dd237adb4b641d5d28ffcd033ceb98f total_submit_ms=14114 deposit_a=27 deposit_b=7 create=4 join=3 turn_a=23 turn_b=37 withdraw=1
2026-09-26 00:49:03.813+02:00 [INFO ] GAME_SUBMITTED worker=7 n=3 id=e11fe48c51915ba91295ff21683045117bd1db07c4c9f6763c921a0022c4d116 total_submit_ms=14104 deposit_a=10 deposit_b=2 create=10 join=1 turn_a=35 turn_b=33 withdraw=1
2026-09-26 00:49:03.813+02:00 [INFO ] GAME_SUBMITTED worker=0 n=3 id=89fc3483339892529108a10e712c068d6bd900064869b8b2615f37e7b49fe1cf total_submit_ms=14094 deposit_a=11 deposit_b=8 create=17 join=0 turn_a=6 turn_b=37 withdraw=1
2026-09-26 00:49:03.813+02:00 [INFO ] GAME_FINISHED worker=0 n=3 id=89fc3483339892529108a10e712c068d6bd900064869b8b2615f37e7b49fe1cf state=First finish_wait_ms=0 game_ms=14094
2026-09-26 00:49:03.813+02:00 [INFO ] GAME_FINISHED worker=7 n=3 id=e11fe48c51915ba91295ff21683045117bd1db07c4c9f6763c921a0022c4d116 state=First finish_wait_ms=0 game_ms=14104
2026-09-26 00:49:03.813+02:00 [INFO ] GAME_FINISHED worker=6 n=3 id=3ab06cd9ed728448b73523837b4048f14dd237adb4b641d5d28ffcd033ceb98f state=First finish_wait_ms=0 game_ms=14115
2026-09-26 00:49:03.821+02:00 [INFO ] GAME_SUBMITTED worker=2 n=3 id=421241acfc05f245cd306067f8c487ae0858a251bb0ef211e0c0fe580ed5504e total_submit_ms=14123 deposit_a=20 deposit_b=2 create=11 join=1 turn_a=35 turn_b=43 withdraw=1
2026-09-26 00:49:03.821+02:00 [INFO ] GAME_FINISHED worker=2 n=3 id=421241acfc05f245cd306067f8c487ae0858a251bb0ef211e0c0fe580ed5504e state=First finish_wait_ms=0 game_ms=14123
2026-09-26 00:49:17.808+02:00 [INFO ] GAME_SUBMITTED worker=4 n=4 id=d5b6b08ef975d0fb5b573baf581b8ca0b325fe630bdbc4ddee7c557bb3c97fb7 total_submit_ms=14021 deposit_a=0 deposit_b=1 create=1 join=1 turn_a=5 turn_b=1 withdraw=1
2026-09-26 00:49:17.808+02:00 [INFO ] GAME_SUBMITTED worker=5 n=4 id=34ec72f7854e2514edbb6e2a5fa8bbf849b07abe9cc32be27ba117fd34a3ad56 total_submit_ms=14025 deposit_a=0 deposit_b=2 create=1 join=1 turn_a=11 turn_b=1 withdraw=0
2026-09-26 00:49:17.808+02:00 [INFO ] GAME_FINISHED worker=5 n=4 id=34ec72f7854e2514edbb6e2a5fa8bbf849b07abe9cc32be27ba117fd34a3ad56 state=First finish_wait_ms=0 game_ms=14025
2026-09-26 00:49:17.808+02:00 [INFO ] GAME_FINISHED worker=4 n=4 id=d5b6b08ef975d0fb5b573baf581b8ca0b325fe630bdbc4ddee7c557bb3c97fb7 state=First finish_wait_ms=0 game_ms=14021
2026-09-26 00:49:17.811+02:00 [INFO ] GAME_SUBMITTED worker=3 n=4 id=c9df8b48641cebefa5de9779d9108ae8addf34adcf17165a1ff8e3d7be8d3f9d total_submit_ms=14028 deposit_a=0 deposit_b=2 create=1 join=1 turn_a=11 turn_b=1 withdraw=0
2026-09-26 00:49:17.811+02:00 [INFO ] GAME_SUBMITTED worker=1 n=4 id=2d67cb391474423c39f317ab81e6a058c05d7a9620e5a2e08f07ec1429db064e total_submit_ms=14026 deposit_a=0 deposit_b=4 create=1 join=1 turn_a=8 turn_b=1 withdraw=0
2026-09-26 00:49:17.811+02:00 [INFO ] GAME_FINISHED worker=3 n=4 id=c9df8b48641cebefa5de9779d9108ae8addf34adcf17165a1ff8e3d7be8d3f9d state=First finish_wait_ms=0 game_ms=14028
2026-09-26 00:49:17.811+02:00 [INFO ] GAME_FINISHED worker=1 n=4 id=2d67cb391474423c39f317ab81e6a058c05d7a9620e5a2e08f07ec1429db064e state=First finish_wait_ms=0 game_ms=14026
2026-09-26 00:49:17.899+02:00 [INFO ] GAME_SUBMITTED worker=6 n=4 id=c419401a771b8a86975fef3675b83b268162103428f0bea6b19c98aeb5b890c0 total_submit_ms=14085 deposit_a=0 deposit_b=6 create=28 join=5 turn_a=4 turn_b=0 withdraw=15
2026-09-26 00:49:17.899+02:00 [INFO ] GAME_FINISHED worker=6 n=4 id=c419401a771b8a86975fef3675b83b268162103428f0bea6b19c98aeb5b890c0 state=First finish_wait_ms=0 game_ms=14085
2026-09-26 00:49:17.924+02:00 [INFO ] GAME_SUBMITTED worker=0 n=4 id=7999fc7c64dfb2d7f6554919f5c263f936b34ce62515bcadf3619657ecf2613f total_submit_ms=14111 deposit_a=0 deposit_b=10 create=43 join=33 turn_a=0 turn_b=3 withdraw=1
2026-09-26 00:49:17.924+02:00 [INFO ] GAME_SUBMITTED worker=2 n=4 id=24a752cca8b8316c4769f5b41aa58a94dccd5dfcccf7c605d58a55e2deec034a total_submit_ms=14102 deposit_a=2 deposit_b=5 create=43 join=38 turn_a=0 turn_b=0 withdraw=1
2026-09-26 00:49:17.924+02:00 [INFO ] GAME_FINISHED worker=2 n=4 id=24a752cca8b8316c4769f5b41aa58a94dccd5dfcccf7c605d58a55e2deec034a state=First finish_wait_ms=0 game_ms=14102
2026-09-26 00:49:17.924+02:00 [INFO ] GAME_FINISHED worker=0 n=4 id=7999fc7c64dfb2d7f6554919f5c263f936b34ce62515bcadf3619657ecf2613f state=First finish_wait_ms=0 game_ms=14111
2026-09-26 00:49:17.925+02:00 [INFO ] GAME_SUBMITTED worker=7 n=4 id=b4329cbd3eb9f9daaebbd82bd2420085ecadb7c3e185dab4ac5e5803fa5d1251 total_submit_ms=14111 deposit_a=0 deposit_b=15 create=43 join=34 turn_a=0 turn_b=4 withdraw=2
2026-09-26 00:49:17.925+02:00 [INFO ] GAME_FINISHED worker=7 n=4 id=b4329cbd3eb9f9daaebbd82bd2420085ecadb7c3e185dab4ac5e5803fa5d1251 state=First finish_wait_ms=0 game_ms=14112
2026-09-26 00:49:31.911+02:00 [INFO ] GAME_SUBMITTED worker=1 n=5 id=2b4bf149f87e38d102b4a60c6f56585edee65cc6e6431dcb5b7adcfbec4e9953 total_submit_ms=14099 deposit_a=3 deposit_b=0 create=1 join=23 turn_a=24 turn_b=29 withdraw=5
2026-09-26 00:49:31.911+02:00 [INFO ] GAME_FINISHED worker=1 n=5 id=2b4bf149f87e38d102b4a60c6f56585edee65cc6e6431dcb5b7adcfbec4e9953 state=First finish_wait_ms=0 game_ms=14099
2026-09-26 00:49:31.924+02:00 [INFO ] GAME_SUBMITTED worker=3 n=5 id=a6ef6ed93041617d3803f114a319368a570b78252200ffeeddc0de74c372e98b total_submit_ms=14112 deposit_a=3 deposit_b=0 create=1 join=19 turn_a=27 turn_b=43 withdraw=2
2026-09-26 00:49:31.924+02:00 [INFO ] GAME_FINISHED worker=3 n=5 id=a6ef6ed93041617d3803f114a319368a570b78252200ffeeddc0de74c372e98b state=First finish_wait_ms=0 game_ms=14112
2026-09-26 00:49:31.930+02:00 [INFO ] GAME_SUBMITTED worker=4 n=5 id=1c5d9750b3f211ee9317a42e0dec6b4699923c370e0223aa6e2c0b4952dc4661 total_submit_ms=14121 deposit_a=1 deposit_b=0 create=0 join=22 turn_a=32 turn_b=43 withdraw=5
2026-09-26 00:49:31.931+02:00 [INFO ] GAME_FINISHED worker=4 n=5 id=1c5d9750b3f211ee9317a42e0dec6b4699923c370e0223aa6e2c0b4952dc4661 state=First finish_wait_ms=0 game_ms=14122
2026-09-26 00:49:31.940+02:00 [INFO ] GAME_SUBMITTED worker=5 n=5 id=69b6e9346a4fe14cca102adb9536df8c29c13177276b48644da6a3dfcdea3945 total_submit_ms=14132 deposit_a=2 deposit_b=0 create=0 join=25 turn_a=27 turn_b=53 withdraw=10
2026-09-26 00:49:31.941+02:00 [INFO ] GAME_FINISHED worker=5 n=5 id=69b6e9346a4fe14cca102adb9536df8c29c13177276b48644da6a3dfcdea3945 state=First finish_wait_ms=0 game_ms=14132
2026-09-26 00:49:31.946+02:00 [INFO ] GAME_SUBMITTED worker=6 n=5 id=df80192985dcf3194d128e38c6bd270d8e610e495945e2b4bb358339eadd9991 total_submit_ms=14046 deposit_a=0 deposit_b=1 create=15 join=8 turn_a=2 turn_b=3 withdraw=3
2026-09-26 00:49:31.946+02:00 [INFO ] GAME_FINISHED worker=6 n=5 id=df80192985dcf3194d128e38c6bd270d8e610e495945e2b4bb358339eadd9991 state=First finish_wait_ms=0 game_ms=14046
2026-09-26 00:49:31.971+02:00 [INFO ] GAME_SUBMITTED worker=2 n=5 id=ff572fa77714b8881b3535ae09cb2dce3e1596e95e2634d93147b7ed079fc813 total_submit_ms=14046 deposit_a=0 deposit_b=22 create=4 join=0 turn_a=1 turn_b=7 withdraw=0
2026-09-26 00:49:31.971+02:00 [INFO ] GAME_SUBMITTED worker=7 n=5 id=7d83733ce2660cff0b8f87820c4cc90891d15239101ddb7a24703db94d786812 total_submit_ms=14045 deposit_a=0 deposit_b=29 create=3 join=0 turn_a=0 turn_b=3 withdraw=1
2026-09-26 00:49:31.971+02:00 [INFO ] GAME_SUBMITTED worker=0 n=5 id=b4476fccc82c790115e4719175908f9587808fc74a1bc9efc96c968a8a43a64e total_submit_ms=14046 deposit_a=0 deposit_b=22 create=4 join=0 turn_a=1 turn_b=5 withdraw=1
2026-09-26 00:49:31.972+02:00 [INFO ] GAME_FINISHED worker=7 n=5 id=7d83733ce2660cff0b8f87820c4cc90891d15239101ddb7a24703db94d786812 state=First finish_wait_ms=0 game_ms=14046
2026-09-26 00:49:31.972+02:00 [INFO ] GAME_FINISHED worker=0 n=5 id=b4476fccc82c790115e4719175908f9587808fc74a1bc9efc96c968a8a43a64e state=First finish_wait_ms=0 game_ms=14047
2026-09-26 00:49:31.972+02:00 [INFO ] GAME_FINISHED worker=2 n=5 id=ff572fa77714b8881b3535ae09cb2dce3e1596e95e2634d93147b7ed079fc813 state=First finish_wait_ms=0 game_ms=14047
2026-09-26 00:49:45.970+02:00 [INFO ] GAME_SUBMITTED worker=1 n=6 id=23e2aeb09de2865436c1631705569307acd5e8613f4ecf018ba411ec342726cd total_submit_ms=14058 deposit_a=8 deposit_b=2 create=7 join=0 turn_a=21 turn_b=7 withdraw=2
2026-09-26 00:49:45.970+02:00 [INFO ] GAME_FINISHED worker=1 n=6 id=23e2aeb09de2865436c1631705569307acd5e8613f4ecf018ba411ec342726cd state=First finish_wait_ms=0 game_ms=14059
2026-09-26 00:49:46.015+02:00 [INFO ] GAME_SUBMITTED worker=5 n=6 id=03d987efbfce284eb15dbdf1b943451bff469d3a814d583c895809c3b7770b0e total_submit_ms=14074 deposit_a=17 deposit_b=0 create=0 join=1 turn_a=40 turn_b=5 withdraw=0
2026-09-26 00:49:46.015+02:00 [INFO ] GAME_FINISHED worker=5 n=6 id=03d987efbfce284eb15dbdf1b943451bff469d3a814d583c895809c3b7770b0e state=First finish_wait_ms=0 game_ms=14074
2026-09-26 00:49:46.019+02:00 [INFO ] GAME_SUBMITTED worker=4 n=6 id=0d94649da584ab48970d5d4a7c32b3bb44c9874d865f301351528033dd2f3800 total_submit_ms=14088 deposit_a=26 deposit_b=1 create=1 join=1 turn_a=39 turn_b=10 withdraw=1
2026-09-26 00:49:46.019+02:00 [INFO ] GAME_FINISHED worker=4 n=6 id=0d94649da584ab48970d5d4a7c32b3bb44c9874d865f301351528033dd2f3800 state=First finish_wait_ms=0 game_ms=14088
2026-09-26 00:49:46.033+02:00 [INFO ] GAME_SUBMITTED worker=0 n=6 id=cc6e60f2d0b23c99669e9ba23b9a67cb68801fd4119f5a0dd648b76f51841f89 total_submit_ms=14061 deposit_a=6 deposit_b=0 create=4 join=0 turn_a=18 turn_b=19 withdraw=1
2026-09-26 00:49:46.033+02:00 [INFO ] GAME_FINISHED worker=0 n=6 id=cc6e60f2d0b23c99669e9ba23b9a67cb68801fd4119f5a0dd648b76f51841f89 state=First finish_wait_ms=0 game_ms=14061
2026-09-26 00:49:46.035+02:00 [INFO ] GAME_SUBMITTED worker=3 n=6 id=ce8742132c3f4a44f5be1fba7015d6ad05ee83d77279952281725e596498312d total_submit_ms=14111 deposit_a=33 deposit_b=0 create=1 join=1 turn_a=39 turn_b=27 withdraw=1
2026-09-26 00:49:46.035+02:00 [INFO ] GAME_FINISHED worker=3 n=6 id=ce8742132c3f4a44f5be1fba7015d6ad05ee83d77279952281725e596498312d state=First finish_wait_ms=0 game_ms=14111
2026-09-26 00:49:46.038+02:00 [INFO ] GAME_SUBMITTED worker=6 n=6 id=398ae3f50054dc8379ade3a955d087c3e813ba80f8a0a80dc4e19b9a76be2797 total_submit_ms=14092 deposit_a=11 deposit_b=0 create=1 join=1 turn_a=50 turn_b=21 withdraw=0
2026-09-26 00:49:46.039+02:00 [INFO ] GAME_FINISHED worker=6 n=6 id=398ae3f50054dc8379ade3a955d087c3e813ba80f8a0a80dc4e19b9a76be2797 state=First finish_wait_ms=0 game_ms=14093
2026-09-26 00:49:46.047+02:00 [INFO ] GAME_SUBMITTED worker=7 n=6 id=202db49dd64f5ddd1546431c0b15769a8a46848e6b1b251d682d94aec17197e8 total_submit_ms=14075 deposit_a=7 deposit_b=1 create=4 join=0 turn_a=18 turn_b=32 withdraw=4
2026-09-26 00:49:46.048+02:00 [INFO ] GAME_FINISHED worker=7 n=6 id=202db49dd64f5ddd1546431c0b15769a8a46848e6b1b251d682d94aec17197e8 state=First finish_wait_ms=0 game_ms=14076
2026-09-26 00:49:46.048+02:00 [INFO ] GAME_SUBMITTED worker=2 n=6 id=3866489680266ff76a29acffc34545d34f7828ad08e80319151d692c3d3fa230 total_submit_ms=14076 deposit_a=6 deposit_b=1 create=15 join=0 turn_a=17 turn_b=21 withdraw=5
2026-09-26 00:49:46.048+02:00 [INFO ] GAME_FINISHED worker=2 n=6 id=3866489680266ff76a29acffc34545d34f7828ad08e80319151d692c3d3fa230 state=First finish_wait_ms=0 game_ms=14076
2026-09-26 00:50:00.029+02:00 [INFO ] GAME_SUBMITTED worker=1 n=7 id=c7c361962444c5593c371f9f9a4ec83d3deceb491588e2d648f2b148814b676d total_submit_ms=14058 deposit_a=0 deposit_b=10 create=0 join=4 turn_a=27 turn_b=1 withdraw=0
2026-09-26 00:50:00.029+02:00 [INFO ] GAME_FINISHED worker=1 n=7 id=c7c361962444c5593c371f9f9a4ec83d3deceb491588e2d648f2b148814b676d state=First finish_wait_ms=0 game_ms=14058
2026-09-26 00:50:00.037+02:00 [INFO ] GAME_SUBMITTED worker=5 n=7 id=23d0f2b078b842cf2374a83189b01fe68a62e42ac86f51163e38d4bd1bb9c1f7 total_submit_ms=14021 deposit_a=2 deposit_b=1 create=0 join=1 turn_a=4 turn_b=0 withdraw=0
2026-09-26 00:50:00.037+02:00 [INFO ] GAME_FINISHED worker=5 n=7 id=23d0f2b078b842cf2374a83189b01fe68a62e42ac86f51163e38d4bd1bb9c1f7 state=First finish_wait_ms=0 game_ms=14022
2026-09-26 00:50:00.040+02:00 [INFO ] GAME_SUBMITTED worker=4 n=7 id=e30e9ed9ee7e85cbe270a9c1eaa607b72cf767b29f05123f0cdc1ff7efc6ba2a total_submit_ms=14020 deposit_a=0 deposit_b=4 create=0 join=0 turn_a=5 turn_b=0 withdraw=1
2026-09-26 00:50:00.040+02:00 [INFO ] GAME_FINISHED worker=4 n=7 id=e30e9ed9ee7e85cbe270a9c1eaa607b72cf767b29f05123f0cdc1ff7efc6ba2a state=First finish_wait_ms=0 game_ms=14020
2026-09-26 00:50:00.054+02:00 [INFO ] GAME_SUBMITTED worker=3 n=7 id=1f42c907f9ead82a75e04fb72b830ef8b54e2e08b8f2960c8ed44f109df48413 total_submit_ms=14018 deposit_a=0 deposit_b=0 create=1 join=1 turn_a=2 turn_b=0 withdraw=0
2026-09-26 00:50:00.054+02:00 [INFO ] GAME_SUBMITTED worker=0 n=7 id=88b16eb2de8eb51441eff38ff4421cceacbba91b9699765a78a92ac6f4454281 total_submit_ms=14020 deposit_a=2 deposit_b=1 create=1 join=1 turn_a=1 turn_b=0 withdraw=1
2026-09-26 00:50:00.054+02:00 [INFO ] GAME_FINISHED worker=0 n=7 id=88b16eb2de8eb51441eff38ff4421cceacbba91b9699765a78a92ac6f4454281 state=First finish_wait_ms=0 game_ms=14020
2026-09-26 00:50:00.054+02:00 [INFO ] GAME_FINISHED worker=3 n=7 id=1f42c907f9ead82a75e04fb72b830ef8b54e2e08b8f2960c8ed44f109df48413 state=First finish_wait_ms=0 game_ms=14018
2026-09-26 00:50:00.056+02:00 [INFO ] GAME_SUBMITTED worker=6 n=7 id=b89c26c72ed9b90540b541ea51fa827d5399da1135ad2d2a21e7abd7d92b965b total_submit_ms=14017 deposit_a=0 deposit_b=1 create=1 join=1 turn_a=5 turn_b=1 withdraw=1
2026-09-26 00:50:00.060+02:00 [INFO ] GAME_FINISHED worker=6 n=7 id=b89c26c72ed9b90540b541ea51fa827d5399da1135ad2d2a21e7abd7d92b965b state=First finish_wait_ms=3 game_ms=14021
2026-09-26 00:50:00.083+02:00 [INFO ] GAME_SUBMITTED worker=7 n=7 id=7eceec542069df6d7d533a05566eec314ddcf4933f40756cb424a490b3293dd6 total_submit_ms=14035 deposit_a=0 deposit_b=0 create=1 join=0 turn_a=7 turn_b=0 withdraw=14
2026-09-26 00:50:00.083+02:00 [INFO ] GAME_SUBMITTED worker=2 n=7 id=2acc3de00f4704d0e715e563a855787decaf62b722b887f5f97811eba5b0a0bb total_submit_ms=14034 deposit_a=1 deposit_b=0 create=1 join=1 turn_a=9 turn_b=0 withdraw=13
2026-09-26 00:50:00.083+02:00 [INFO ] GAME_FINISHED worker=7 n=7 id=7eceec542069df6d7d533a05566eec314ddcf4933f40756cb424a490b3293dd6 state=First finish_wait_ms=0 game_ms=14035
2026-09-26 00:50:00.083+02:00 [INFO ] GAME_FINISHED worker=2 n=7 id=2acc3de00f4704d0e715e563a855787decaf62b722b887f5f97811eba5b0a0bb state=First finish_wait_ms=0 game_ms=14034
2026-09-26 00:50:12.071+02:00 [WARN ] GAME_FAIL worker=4 n=8 after_ms=12031 err=withdraw: transaction submission failed after retries
2026-09-26 00:50:14.072+02:00 [INFO ] GAME_SUBMITTED worker=5 n=8 id=407dae4e17842a270ebf1c30053bf6c7a247360ee12fd95318c33711bd283fe3 total_submit_ms=14034 deposit_a=9 deposit_b=9 create=1 join=3 turn_a=1 turn_b=1 withdraw=1
2026-09-26 00:50:14.074+02:00 [INFO ] GAME_SUBMITTED worker=1 n=8 id=5c07a20da3335cbca39e0f09f3b1d20303cedd8f98bab9b4cac5c566e9a3c950 total_submit_ms=14044 deposit_a=18 deposit_b=9 create=0 join=2 turn_a=1 turn_b=1 withdraw=2
2026-09-26 00:50:14.086+02:00 [INFO ] GAME_SUBMITTED worker=3 n=8 id=195882f034130324f4eae7a31582460e8f436684da15a36fab4d477a9462770e total_submit_ms=14031 deposit_a=5 deposit_b=12 create=0 join=2 turn_a=0 turn_b=0 withdraw=0
2026-09-26 00:50:14.089+02:00 [INFO ] GAME_SUBMITTED worker=6 n=8 id=3a3c08887eb0d8d82aa159ed55e5dc2ef417e76a2918b34c4f15f80268fd52f2 total_submit_ms=14029 deposit_a=8 deposit_b=7 create=0 join=4 turn_a=0 turn_b=0 withdraw=0
2026-09-26 00:50:14.094+02:00 [INFO ] GAME_SUBMITTED worker=0 n=8 id=cf65e8251241ccdc178b7e18957c7d91cce399ee60fde783c34ed09b66422da4 total_submit_ms=14039 deposit_a=5 deposit_b=20 create=1 join=2 turn_a=0 turn_b=0 withdraw=1
2026-09-26 00:50:14.148+02:00 [INFO ] GAME_SUBMITTED worker=7 n=8 id=ec278f11f2895606e817daa32041da1aabbb14f77c35ee68e8c55314789c68d1 total_submit_ms=14065 deposit_a=14 deposit_b=11 create=13 join=1 turn_a=3 turn_b=0 withdraw=0
2026-09-26 00:50:14.148+02:00 [INFO ] GAME_SUBMITTED worker=2 n=8 id=6e38e53186736355fc36615a6c8bcbd38147cc584d5a9b3210cef6c5a5dca43d total_submit_ms=14065 deposit_a=14 deposit_b=11 create=18 join=0 turn_a=0 turn_b=0 withdraw=0
2026-09-26 00:50:15.078+02:00 [INFO ] GAME_FINISHED worker=1 n=8 id=5c07a20da3335cbca39e0f09f3b1d20303cedd8f98bab9b4cac5c566e9a3c950 state=First finish_wait_ms=1004 game_ms=15048
2026-09-26 00:50:15.078+02:00 [INFO ] GAME_FINISHED worker=5 n=8 id=407dae4e17842a270ebf1c30053bf6c7a247360ee12fd95318c33711bd283fe3 state=First finish_wait_ms=1006 game_ms=15040
2026-09-26 00:50:15.088+02:00 [INFO ] GAME_FINISHED worker=3 n=8 id=195882f034130324f4eae7a31582460e8f436684da15a36fab4d477a9462770e state=First finish_wait_ms=1002 game_ms=15034
2026-09-26 00:50:15.091+02:00 [INFO ] GAME_FINISHED worker=6 n=8 id=3a3c08887eb0d8d82aa159ed55e5dc2ef417e76a2918b34c4f15f80268fd52f2 state=First finish_wait_ms=1001 game_ms=15030
2026-09-26 00:50:15.098+02:00 [INFO ] GAME_FINISHED worker=0 n=8 id=cf65e8251241ccdc178b7e18957c7d91cce399ee60fde783c34ed09b66422da4 state=First finish_wait_ms=1004 game_ms=15043
2026-09-26 00:50:15.154+02:00 [INFO ] GAME_FINISHED worker=2 n=8 id=6e38e53186736355fc36615a6c8bcbd38147cc584d5a9b3210cef6c5a5dca43d state=First finish_wait_ms=1005 game_ms=15070
2026-09-26 00:50:15.154+02:00 [INFO ] GAME_FINISHED worker=7 n=8 id=ec278f11f2895606e817daa32041da1aabbb14f77c35ee68e8c55314789c68d1 state=First finish_wait_ms=1005 game_ms=15070
2026-09-26 00:50:29.176+02:00 [WARN ] GAME_FAIL worker=4 n=9 after_ms=12104 err=withdraw: transaction submission failed after retries
2026-09-26 00:50:29.250+02:00 [INFO ] GAME_SUBMITTED worker=5 n=9 id=257a7dfda51ea15ba3003a8260de678941657e335e6e2f10338db5269fe33275 total_submit_ms=14171 deposit_a=51 deposit_b=35 create=16 join=9 turn_a=0 turn_b=26 withdraw=12
2026-09-26 00:50:29.255+02:00 [INFO ] GAME_SUBMITTED worker=6 n=9 id=d6e025b48e4587e680b1a0aa12350ff43312f50076dd2a5669dbbc6b0aa4444b total_submit_ms=14164 deposit_a=39 deposit_b=40 create=12 join=8 turn_a=0 turn_b=26 withdraw=20
2026-09-26 00:50:29.255+02:00 [INFO ] GAME_SUBMITTED worker=0 n=9 id=6f82d62808c46aaa5b5bb6a0057c1a9d11a838d4062bb686cdd12538d9f10347 total_submit_ms=14157 deposit_a=29 deposit_b=28 create=12 join=2 turn_a=0 turn_b=28 withdraw=42
2026-09-26 00:50:29.265+02:00 [INFO ] GAME_SUBMITTED worker=2 n=9 id=e0062357bdf4e9eca0935eeddb68bac42240709580b3ca1544d787317bb70f9c total_submit_ms=14111 deposit_a=25 deposit_b=7 create=20 join=5 turn_a=1 turn_b=33 withdraw=9
2026-09-26 00:50:29.266+02:00 [INFO ] GAME_SUBMITTED worker=7 n=9 id=5700eb2ffb35247732857619ff5eb1025b9c252ffcbbdeca66fb4f7bac41c8af total_submit_ms=14111 deposit_a=28 deposit_b=5 create=20 join=5 turn_a=1 turn_b=32 withdraw=10
2026-09-26 00:50:29.266+02:00 [INFO ] GAME_SUBMITTED worker=1 n=9 id=031f4b3d00004775b338da7feb6987c12ca75bb371fbc34c58a7d2a5b2abb849 total_submit_ms=14187 deposit_a=33 deposit_b=40 create=12 join=1 turn_a=0 turn_b=71 withdraw=10
2026-09-26 00:50:29.266+02:00 [INFO ] GAME_SUBMITTED worker=3 n=9 id=b60064eb1ef8ede2c4bfe1c5cd371df6649d3452deabaed244f35e685e75dd12 total_submit_ms=14177 deposit_a=39 deposit_b=28 create=12 join=1 turn_a=0 turn_b=62 withdraw=19
2026-09-26 00:50:30.252+02:00 [INFO ] GAME_FINISHED worker=5 n=9 id=257a7dfda51ea15ba3003a8260de678941657e335e6e2f10338db5269fe33275 state=First finish_wait_ms=1001 game_ms=15173
2026-09-26 00:50:30.257+02:00 [INFO ] GAME_FINISHED worker=0 n=9 id=6f82d62808c46aaa5b5bb6a0057c1a9d11a838d4062bb686cdd12538d9f10347 state=First finish_wait_ms=1001 game_ms=15158
2026-09-26 00:50:30.257+02:00 [INFO ] GAME_FINISHED worker=6 n=9 id=d6e025b48e4587e680b1a0aa12350ff43312f50076dd2a5669dbbc6b0aa4444b state=First finish_wait_ms=1001 game_ms=15166
2026-09-26 00:50:30.268+02:00 [INFO ] GAME_FINISHED worker=3 n=9 id=b60064eb1ef8ede2c4bfe1c5cd371df6649d3452deabaed244f35e685e75dd12 state=First finish_wait_ms=1001 game_ms=15179
2026-09-26 00:50:30.268+02:00 [INFO ] GAME_FINISHED worker=2 n=9 id=e0062357bdf4e9eca0935eeddb68bac42240709580b3ca1544d787317bb70f9c state=First finish_wait_ms=1002 game_ms=15114
2026-09-26 00:50:30.268+02:00 [INFO ] GAME_FINISHED worker=1 n=9 id=031f4b3d00004775b338da7feb6987c12ca75bb371fbc34c58a7d2a5b2abb849 state=First finish_wait_ms=1002 game_ms=15189
2026-09-26 00:50:30.268+02:00 [INFO ] GAME_FINISHED worker=7 n=9 id=5700eb2ffb35247732857619ff5eb1025b9c252ffcbbdeca66fb4f7bac41c8af state=First finish_wait_ms=1002 game_ms=15114
2026-09-26 00:50:44.303+02:00 [WARN ] GAME_FAIL worker=4 n=10 after_ms=10125 err=turn B: transaction submission failed after retries
2026-09-26 00:50:44.325+02:00 [INFO ] GAME_SUBMITTED worker=5 n=10 id=790bbe7d4b1d181ac7afd685d35239d2e03994a5e1b309bda9734d880a57a8bd total_submit_ms=14073 deposit_a=0 deposit_b=15 create=0 join=16 turn_a=1 turn_b=21 withdraw=7
2026-09-26 00:50:44.325+02:00 [INFO ] GAME_SUBMITTED worker=1 n=10 id=ef34af134c207e2c2f8ea8cdc2533bd286aef99827b39c9ebe5d685d4b7852c7 total_submit_ms=14057 deposit_a=1 deposit_b=26 create=1 join=2 turn_a=1 turn_b=6 withdraw=9
2026-09-26 00:50:44.325+02:00 [INFO ] GAME_SUBMITTED worker=7 n=10 id=a6835e6d4a22edced132dcc88106c0549f3e06bd31f9b28016d633bbc21785bc total_submit_ms=14057 deposit_a=1 deposit_b=26 create=1 join=6 turn_a=1 turn_b=5 withdraw=7
2026-09-26 00:50:44.325+02:00 [INFO ] GAME_SUBMITTED worker=3 n=10 id=9d108774fe43727ad24b9e7ad4148760edb2d597c6317b2679f73f696b9b656f total_submit_ms=14057 deposit_a=2 deposit_b=26 create=1 join=2 turn_a=0 turn_b=5 withdraw=9
2026-09-26 00:50:44.325+02:00 [INFO ] GAME_SUBMITTED worker=6 n=10 id=8e0c067a8c1663466deb8caeb2e5baaa12290c4bf6fb251e4ba9570f62a719a9 total_submit_ms=14068 deposit_a=1 deposit_b=39 create=1 join=2 turn_a=1 turn_b=6 withdraw=7
2026-09-26 00:50:44.326+02:00 [INFO ] GAME_FINISHED worker=6 n=10 id=8e0c067a8c1663466deb8caeb2e5baaa12290c4bf6fb251e4ba9570f62a719a9 state=First finish_wait_ms=0 game_ms=14069
2026-09-26 00:50:44.326+02:00 [INFO ] GAME_FINISHED worker=7 n=10 id=a6835e6d4a22edced132dcc88106c0549f3e06bd31f9b28016d633bbc21785bc state=First finish_wait_ms=0 game_ms=14057
2026-09-26 00:50:44.326+02:00 [INFO ] GAME_FINISHED worker=5 n=10 id=790bbe7d4b1d181ac7afd685d35239d2e03994a5e1b309bda9734d880a57a8bd state=First finish_wait_ms=0 game_ms=14074
2026-09-26 00:50:44.326+02:00 [INFO ] GAME_FINISHED worker=1 n=10 id=ef34af134c207e2c2f8ea8cdc2533bd286aef99827b39c9ebe5d685d4b7852c7 state=First finish_wait_ms=0 game_ms=14058
2026-09-26 00:50:44.326+02:00 [INFO ] GAME_FINISHED worker=3 n=10 id=9d108774fe43727ad24b9e7ad4148760edb2d597c6317b2679f73f696b9b656f state=First finish_wait_ms=0 game_ms=14058
2026-09-26 00:50:44.330+02:00 [INFO ] GAME_SUBMITTED worker=2 n=10 id=ca35dfdf667e2010fd16414724c1291a3b5b0772260c9dae6c725910b2311d15 total_submit_ms=14062 deposit_a=1 deposit_b=26 create=1 join=3 turn_a=1 turn_b=8 withdraw=13
2026-09-26 00:50:44.331+02:00 [INFO ] GAME_FINISHED worker=2 n=10 id=ca35dfdf667e2010fd16414724c1291a3b5b0772260c9dae6c725910b2311d15 state=First finish_wait_ms=0 game_ms=14062
2026-09-26 00:50:44.332+02:00 [INFO ] GAME_SUBMITTED worker=0 n=10 id=374c3aefe598dc1a9543e038b077ce96daad53184e91d96eebb3e00a39eb4cf7 total_submit_ms=14075 deposit_a=0 deposit_b=11 create=0 join=18 turn_a=1 turn_b=21 withdraw=14
2026-09-26 00:50:44.332+02:00 [INFO ] GAME_FINISHED worker=0 n=10 id=374c3aefe598dc1a9543e038b077ce96daad53184e91d96eebb3e00a39eb4cf7 state=First finish_wait_ms=0 game_ms=14075
2026-09-26 00:50:44.365+02:00 [WARN ] GAME_FAIL worker=1 n=11 after_ms=38 err=deposit A: deposit submission failed after retries
2026-09-26 00:50:56.451+02:00 [WARN ] GAME_FAIL worker=7 n=11 after_ms=12125 err=withdraw: transaction submission failed after retries
2026-09-26 00:50:56.465+02:00 [WARN ] GAME_FAIL worker=2 n=11 after_ms=12134 err=withdraw: transaction submission failed after retries
2026-09-26 00:50:56.465+02:00 [WARN ] GAME_FAIL worker=6 n=11 after_ms=12139 err=withdraw: transaction submission failed after retries
2026-09-26 00:50:56.465+02:00 [WARN ] GAME_FAIL worker=0 n=11 after_ms=12132 err=withdraw: transaction submission failed after retries
2026-09-26 00:50:56.465+02:00 [WARN ] GAME_FAIL worker=5 n=11 after_ms=12138 err=withdraw: transaction submission failed after retries
2026-09-26 00:50:57.411+02:00 [WARN ] GAME_FAIL worker=4 n=11 after_ms=8106 err=turn A: transaction submission failed after retries
2026-09-26 00:50:57.472+02:00 [WARN ] GAME_FAIL worker=1 n=12 after_ms=8106 err=turn A: transaction submission failed after retries
2026-09-26 00:50:58.458+02:00 [INFO ] GAME_SUBMITTED worker=3 n=11 id=2830ac270e00e0f9c3ef850c17cda946150ad0b7723068e9be53909dbfded6e7 total_submit_ms=14132 deposit_a=43 deposit_b=3 create=2 join=4 turn_a=5 turn_b=43 withdraw=22
2026-09-26 00:51:00.462+02:00 [INFO ] GAME_FINISHED worker=3 n=11 id=2830ac270e00e0f9c3ef850c17cda946150ad0b7723068e9be53909dbfded6e7 state=First finish_wait_ms=2003 game_ms=16135
2026-09-26 00:51:10.452+02:00 [WARN ] GAME_FAIL worker=4 n=12 after_ms=8039 err=turn A: transaction submission failed after retries
2026-09-26 00:51:10.558+02:00 [WARN ] GAME_FAIL worker=1 n=13 after_ms=8083 err=turn A: transaction submission failed after retries
2026-09-26 00:51:10.570+02:00 [WARN ] GAME_FAIL worker=3 n=12 after_ms=10108 err=turn B: transaction submission failed after retries
2026-09-26 00:51:15.595+02:00 [INFO ] GAME_SUBMITTED worker=6 n=12 id=684ae54494acf456e88b9eb4b8b3bfe2737129906953b9e4b87931c75b6e14f4 total_submit_ms=14129 deposit_a=12 deposit_b=13 create=4 join=1 turn_a=31 turn_b=11 withdraw=43
2026-09-26 00:51:15.595+02:00 [INFO ] GAME_FINISHED worker=6 n=12 id=684ae54494acf456e88b9eb4b8b3bfe2737129906953b9e4b87931c75b6e14f4 state=First finish_wait_ms=0 game_ms=14129
2026-09-26 00:51:15.609+02:00 [INFO ] GAME_SUBMITTED worker=7 n=12 id=362dc95525cf1fa1f85770238acaa029f15844ab3949c21e258cfe67852e0aac total_submit_ms=14156 deposit_a=25 deposit_b=12 create=4 join=0 turn_a=60 turn_b=1 withdraw=38
2026-09-26 00:51:15.609+02:00 [INFO ] GAME_FINISHED worker=7 n=12 id=362dc95525cf1fa1f85770238acaa029f15844ab3949c21e258cfe67852e0aac state=First finish_wait_ms=0 game_ms=14156
2026-09-26 00:51:15.612+02:00 [INFO ] GAME_SUBMITTED worker=2 n=12 id=41e1a5a9c3eef9e6761a49b4381ef3616cbe4d65a417365105a0db53580e7626 total_submit_ms=14146 deposit_a=16 deposit_b=13 create=8 join=1 turn_a=70 turn_b=6 withdraw=21
2026-09-26 00:51:15.612+02:00 [INFO ] GAME_SUBMITTED worker=5 n=12 id=d0376994f089495ff119af39f22f82642c5e1c6ca33566d3e43a99580cb6cb9c total_submit_ms=14146 deposit_a=16 deposit_b=9 create=6 join=0 turn_a=77 turn_b=4 withdraw=21
2026-09-26 00:51:15.612+02:00 [INFO ] GAME_FINISHED worker=2 n=12 id=41e1a5a9c3eef9e6761a49b4381ef3616cbe4d65a417365105a0db53580e7626 state=First finish_wait_ms=0 game_ms=14146
2026-09-26 00:51:15.612+02:00 [INFO ] GAME_FINISHED worker=5 n=12 id=d0376994f089495ff119af39f22f82642c5e1c6ca33566d3e43a99580cb6cb9c state=First finish_wait_ms=0 game_ms=14146
2026-09-26 00:51:15.616+02:00 [INFO ] GAME_SUBMITTED worker=0 n=12 id=e24a4aa12ff66b0a687b531efeaa086cbcb5e7c8938cfcc6d89b9efe238feda9 total_submit_ms=14150 deposit_a=32 deposit_b=2 create=3 join=1 turn_a=88 turn_b=1 withdraw=12
2026-09-26 00:51:15.616+02:00 [INFO ] GAME_FINISHED worker=0 n=12 id=e24a4aa12ff66b0a687b531efeaa086cbcb5e7c8938cfcc6d89b9efe238feda9 state=First finish_wait_ms=0 game_ms=14151
2026-09-26 00:51:29.619+02:00 [INFO ] GAME_SUBMITTED worker=4 n=13 id=f7a95465da312e4733621d22bea9bbc50a2f934c875e5023688ee9828f811852 total_submit_ms=14165 deposit_a=3 deposit_b=19 create=17 join=0 turn_a=78 turn_b=2 withdraw=30
2026-09-26 00:51:29.619+02:00 [INFO ] GAME_FINISHED worker=4 n=13 id=f7a95465da312e4733621d22bea9bbc50a2f934c875e5023688ee9828f811852 state=First finish_wait_ms=0 game_ms=14166
2026-09-26 00:51:29.642+02:00 [INFO ] GAME_SUBMITTED worker=1 n=14 id=e6768edccb4083911a575f01ddad280572f6908ec625446f199862beff03d103 total_submit_ms=14083 deposit_a=4 deposit_b=11 create=0 join=0 turn_a=25 turn_b=5 withdraw=27
2026-09-26 00:51:29.643+02:00 [INFO ] GAME_FINISHED worker=1 n=14 id=e6768edccb4083911a575f01ddad280572f6908ec625446f199862beff03d103 state=First finish_wait_ms=0 game_ms=14083
2026-09-26 00:51:29.768+02:00 [INFO ] GAME_SUBMITTED worker=3 n=13 id=39130a9306c5d491d426259534c722b2d22d2f40db7d4c549c25d14de8dbec6b total_submit_ms=14196 deposit_a=3 deposit_b=14 create=0 join=0 turn_a=67 turn_b=3 withdraw=95
2026-09-26 00:51:29.769+02:00 [INFO ] GAME_FINISHED worker=3 n=13 id=39130a9306c5d491d426259534c722b2d22d2f40db7d4c549c25d14de8dbec6b state=First finish_wait_ms=0 game_ms=14197
2026-09-26 00:51:29.776+02:00 [INFO ] GAME_SUBMITTED worker=6 n=13 id=253aa600620240751b8338f9abcc106849ced3fb8007eebf6753c7843e7e480e total_submit_ms=14180 deposit_a=4 deposit_b=2 create=0 join=0 turn_a=70 turn_b=2 withdraw=91
2026-09-26 00:51:29.780+02:00 [INFO ] GAME_FINISHED worker=6 n=13 id=253aa600620240751b8338f9abcc106849ced3fb8007eebf6753c7843e7e480e state=First finish_wait_ms=4 game_ms=14185
2026-09-26 00:51:29.804+02:00 [INFO ] GAME_SUBMITTED worker=7 n=13 id=0175ccd4a2a3c172af8e9c9efe06af1e931adf1cbbdcf76e937915de9ed41e19 total_submit_ms=14194 deposit_a=14 deposit_b=10 create=0 join=0 turn_a=105 turn_b=1 withdraw=48
2026-09-26 00:51:29.804+02:00 [INFO ] GAME_SUBMITTED worker=2 n=13 id=258f45e7105e96092088f139966ef0e50d116f646e3e9a56d962ca4c9f9f89b1 total_submit_ms=14192 deposit_a=6 deposit_b=15 create=0 join=1 turn_a=106 turn_b=1 withdraw=48
2026-09-26 00:51:29.804+02:00 [INFO ] GAME_SUBMITTED worker=5 n=13 id=b51ca30d244596a0e398bb5bb15c8ea762a4e358cdca51b94526f728febe23e9 total_submit_ms=14191 deposit_a=6 deposit_b=15 create=1 join=0 turn_a=105 turn_b=1 withdraw=48
2026-09-26 00:51:29.804+02:00 [INFO ] GAME_SUBMITTED worker=0 n=13 id=a11f746d0b07134ba5688d5cc5620b006e8bd3da784d6482268740ac9d4aa921 total_submit_ms=14187 deposit_a=6 deposit_b=10 create=0 join=0 turn_a=105 turn_b=1 withdraw=50
2026-09-26 00:51:29.804+02:00 [INFO ] GAME_FINISHED worker=5 n=13 id=b51ca30d244596a0e398bb5bb15c8ea762a4e358cdca51b94526f728febe23e9 state=First finish_wait_ms=0 game_ms=14192
2026-09-26 00:51:29.804+02:00 [INFO ] GAME_FINISHED worker=7 n=13 id=0175ccd4a2a3c172af8e9c9efe06af1e931adf1cbbdcf76e937915de9ed41e19 state=First finish_wait_ms=0 game_ms=14194
2026-09-26 00:51:29.804+02:00 [INFO ] GAME_FINISHED worker=2 n=13 id=258f45e7105e96092088f139966ef0e50d116f646e3e9a56d962ca4c9f9f89b1 state=First finish_wait_ms=0 game_ms=14192
2026-09-26 00:51:29.811+02:00 [INFO ] GAME_FINISHED worker=0 n=13 id=a11f746d0b07134ba5688d5cc5620b006e8bd3da784d6482268740ac9d4aa921 state=First finish_wait_ms=6 game_ms=14194
2026-09-26 00:51:33.636+02:00 [WARN ] GAME_FAIL worker=4 n=14 after_ms=4016 err=create game: transaction submission failed after retries
2026-09-26 00:51:33.664+02:00 [WARN ] GAME_FAIL worker=1 n=15 after_ms=4021 err=create game: transaction submission failed after retries
2026-09-26 00:51:43.935+02:00 [INFO ] GAME_SUBMITTED worker=5 n=14 id=544aaf5f3956d4e151768661c4a237cd46e10567b1f38fd0e272d22118e9b32e total_submit_ms=14131 deposit_a=27 deposit_b=5 create=20 join=4 turn_a=0 turn_b=2 withdraw=63
2026-09-26 00:51:43.936+02:00 [INFO ] GAME_SUBMITTED worker=7 n=14 id=18b5bab60f20638cb6c8d5fe51c50bc4aef0bcd4513b80e568f1bb3c7c8ce06a total_submit_ms=14131 deposit_a=27 deposit_b=3 create=21 join=3 turn_a=0 turn_b=1 withdraw=64
2026-09-26 00:51:43.936+02:00 [INFO ] GAME_SUBMITTED worker=2 n=14 id=4f27c65c501e53ce7fbc1cb68acd957f61c35d2de0b41d1f2ba635be63e3c67f total_submit_ms=14131 deposit_a=30 deposit_b=0 create=18 join=4 turn_a=1 turn_b=1 withdraw=67
2026-09-26 00:51:43.936+02:00 [INFO ] GAME_SUBMITTED worker=6 n=14 id=a8029f7802cc40417576ce91a3ab6cec0a21ce1b85426aad9bd05fc598084fc0 total_submit_ms=14155 deposit_a=46 deposit_b=9 create=17 join=1 turn_a=0 turn_b=0 withdraw=68
2026-09-26 00:51:43.936+02:00 [INFO ] GAME_SUBMITTED worker=3 n=14 id=0c8d2ae9fa0ca439ac7554a18c3c52481c52a5ea370284d30e4adc1ac71828e8 total_submit_ms=14166 deposit_a=44 deposit_b=18 create=6 join=3 turn_a=4 turn_b=0 withdraw=78
2026-09-26 00:51:43.936+02:00 [INFO ] GAME_SUBMITTED worker=0 n=14 id=af0c6d0d116df08fd2e63af8853ba3f8a816d7e3c3c6345a9afe73d306030b00 total_submit_ms=14124 deposit_a=21 deposit_b=1 create=23 join=3 turn_a=0 turn_b=6 withdraw=56
2026-09-26 00:51:43.936+02:00 [INFO ] GAME_FINISHED worker=3 n=14 id=0c8d2ae9fa0ca439ac7554a18c3c52481c52a5ea370284d30e4adc1ac71828e8 state=First finish_wait_ms=0 game_ms=14167
2026-09-26 00:51:43.936+02:00 [INFO ] GAME_FINISHED worker=2 n=14 id=4f27c65c501e53ce7fbc1cb68acd957f61c35d2de0b41d1f2ba635be63e3c67f state=First finish_wait_ms=0 game_ms=14131
2026-09-26 00:51:43.936+02:00 [INFO ] GAME_FINISHED worker=7 n=14 id=18b5bab60f20638cb6c8d5fe51c50bc4aef0bcd4513b80e568f1bb3c7c8ce06a state=First finish_wait_ms=0 game_ms=14131
2026-09-26 00:51:43.936+02:00 [INFO ] GAME_FINISHED worker=6 n=14 id=a8029f7802cc40417576ce91a3ab6cec0a21ce1b85426aad9bd05fc598084fc0 state=First finish_wait_ms=0 game_ms=14156
2026-09-26 00:51:43.937+02:00 [INFO ] GAME_FINISHED worker=5 n=14 id=544aaf5f3956d4e151768661c4a237cd46e10567b1f38fd0e272d22118e9b32e state=First finish_wait_ms=1 game_ms=14132
2026-09-26 00:51:43.937+02:00 [INFO ] GAME_FINISHED worker=0 n=14 id=af0c6d0d116df08fd2e63af8853ba3f8a816d7e3c3c6345a9afe73d306030b00 state=First finish_wait_ms=0 game_ms=14125
2026-09-26 00:51:43.948+02:00 [WARN ] GAME_FAIL worker=5 n=15 after_ms=11 err=deposit A: deposit submission failed after retries
2026-09-26 00:51:43.948+02:00 [WARN ] GAME_FAIL worker=6 n=15 after_ms=11 err=deposit A: deposit submission failed after retries
2026-09-26 00:51:43.948+02:00 [WARN ] GAME_FAIL worker=3 n=15 after_ms=12 err=deposit A: deposit submission failed after retries
2026-09-26 00:51:43.948+02:00 [WARN ] GAME_FAIL worker=2 n=15 after_ms=11 err=deposit A: deposit submission failed after retries
2026-09-26 00:51:43.948+02:00 [WARN ] GAME_FAIL worker=0 n=15 after_ms=11 err=deposit A: deposit submission failed after retries
2026-09-26 00:51:43.948+02:00 [WARN ] GAME_FAIL worker=7 n=15 after_ms=12 err=deposit A: deposit submission failed after retries
2026-09-26 00:51:48.822+02:00 [WARN ] GAME_FAIL worker=1 n=16 after_ms=10155 err=turn B: transaction submission failed after retries
2026-09-26 00:51:52.875+02:00 [INFO ] GAME_SUBMITTED worker=4 n=15 id=3e76416dc02fa5138fc2b6800e0d7654ba87ae0cc4d4b8278f3df0848af7e22c total_submit_ms=14231 deposit_a=61 deposit_b=8 create=7 join=6 turn_a=16 turn_b=26 withdraw=96
2026-09-26 00:51:52.998+02:00 [WARN ] GAME_FAIL worker=2 n=16 after_ms=4049 err=create game: transaction submission failed after retries
2026-09-26 00:51:52.998+02:00 [WARN ] GAME_FAIL worker=7 n=16 after_ms=4049 err=create game: transaction submission failed after retries
2026-09-26 00:51:52.999+02:00 [WARN ] GAME_FAIL worker=6 n=16 after_ms=4049 err=create game: transaction submission failed after retries
2026-09-26 00:51:52.999+02:00 [WARN ] GAME_FAIL worker=3 n=16 after_ms=4049 err=create game: transaction submission failed after retries
2026-09-26 00:51:53.021+02:00 [WARN ] GAME_FAIL worker=5 n=16 after_ms=4072 err=create game: transaction submission failed after retries
2026-09-26 00:51:53.022+02:00 [WARN ] GAME_FAIL worker=0 n=16 after_ms=4073 err=create game: transaction submission failed after retries
2026-09-26 00:51:53.878+02:00 [INFO ] GAME_FINISHED worker=4 n=15 id=3e76416dc02fa5138fc2b6800e0d7654ba87ae0cc4d4b8278f3df0848af7e22c state=First finish_wait_ms=1002 game_ms=15234
2026-09-26 00:52:07.946+02:00 [INFO ] GAME_SUBMITTED worker=1 n=17 id=327dc7af67758dba135a4e357b3911b2a9cbcff744392caf90cbdc08fb1fa403 total_submit_ms=14121 deposit_a=53 deposit_b=11 create=11 join=11 turn_a=16 turn_b=1 withdraw=1
2026-09-26 00:52:07.946+02:00 [INFO ] GAME_FINISHED worker=1 n=17 id=327dc7af67758dba135a4e357b3911b2a9cbcff744392caf90cbdc08fb1fa403 state=First finish_wait_ms=0 game_ms=14121
2026-09-26 00:52:08.001+02:00 [INFO ] GAME_SUBMITTED worker=4 n=16 id=9cee1c4773424fa24b73170c454f6ef3f0fe65ad2b5e9d14ddf6476bbd27d93e total_submit_ms=14123 deposit_a=6 deposit_b=7 create=5 join=33 turn_a=24 turn_b=22 withdraw=7
2026-09-26 00:52:08.001+02:00 [INFO ] GAME_FINISHED worker=4 n=16 id=9cee1c4773424fa24b73170c454f6ef3f0fe65ad2b5e9d14ddf6476bbd27d93e state=First finish_wait_ms=0 game_ms=14123
2026-09-26 00:52:12.110+02:00 [INFO ] GAME_SUBMITTED worker=7 n=17 id=71420be089b75636c9870ec4748b75a72fe116b18499d5349240293d7f60d6c8 total_submit_ms=14110 deposit_a=30 deposit_b=3 create=16 join=15 turn_a=3 turn_b=19 withdraw=7
2026-09-26 00:52:12.110+02:00 [INFO ] GAME_FINISHED worker=7 n=17 id=71420be089b75636c9870ec4748b75a72fe116b18499d5349240293d7f60d6c8 state=First finish_wait_ms=0 game_ms=14110
2026-09-26 00:52:12.115+02:00 [INFO ] GAME_SUBMITTED worker=2 n=17 id=a0e7d2afb44eda5fbcdefb60e5f4df6b984ab370fb4c17703861b2e0d5938269 total_submit_ms=14115 deposit_a=33 deposit_b=1 create=28 join=8 turn_a=18 turn_b=4 withdraw=9
2026-09-26 00:52:12.115+02:00 [INFO ] GAME_FINISHED worker=2 n=17 id=a0e7d2afb44eda5fbcdefb60e5f4df6b984ab370fb4c17703861b2e0d5938269 state=First finish_wait_ms=0 game_ms=14116
2026-09-26 00:52:12.125+02:00 [INFO ] GAME_SUBMITTED worker=0 n=17 id=e09fcbffc6930c33321a07540db21577b185e70c8ada17b24a692e3072a95a6f total_submit_ms=14101 deposit_a=9 deposit_b=0 create=16 join=19 turn_a=19 turn_b=8 withdraw=12
2026-09-26 00:52:12.125+02:00 [INFO ] GAME_SUBMITTED worker=5 n=17 id=a033e306bd88c6d01d3813d4b6b91636385ce749e3a540872ed0e0cf4e942bec total_submit_ms=14101 deposit_a=10 deposit_b=6 create=12 join=19 turn_a=19 turn_b=15 withdraw=5
2026-09-26 00:52:12.125+02:00 [INFO ] GAME_FINISHED worker=5 n=17 id=a033e306bd88c6d01d3813d4b6b91636385ce749e3a540872ed0e0cf4e942bec state=First finish_wait_ms=0 game_ms=14101
2026-09-26 00:52:12.126+02:00 [INFO ] GAME_FINISHED worker=0 n=17 id=e09fcbffc6930c33321a07540db21577b185e70c8ada17b24a692e3072a95a6f state=First finish_wait_ms=1 game_ms=14102
2026-09-26 00:52:12.131+02:00 [INFO ] GAME_SUBMITTED worker=3 n=17 id=7bf8ab46683d0d662ac00cbf8bff66532b06796a0ff0cd1a0652844299e31440 total_submit_ms=14131 deposit_a=34 deposit_b=6 create=13 join=15 turn_a=24 turn_b=15 withdraw=14
2026-09-26 00:52:12.132+02:00 [INFO ] GAME_FINISHED worker=3 n=17 id=7bf8ab46683d0d662ac00cbf8bff66532b06796a0ff0cd1a0652844299e31440 state=First finish_wait_ms=0 game_ms=14132
2026-09-26 00:52:12.154+02:00 [INFO ] GAME_SUBMITTED worker=6 n=17 id=1e291150836122461d85f4f61d5f25ae0a35c84e4ee870fd19f3d9a4844c3800 total_submit_ms=14153 deposit_a=30 deposit_b=3 create=16 join=20 turn_a=17 turn_b=6 withdraw=43
2026-09-26 00:52:12.154+02:00 [INFO ] GAME_FINISHED worker=6 n=17 id=1e291150836122461d85f4f61d5f25ae0a35c84e4ee870fd19f3d9a4844c3800 state=First finish_wait_ms=0 game_ms=14154
2026-09-26 00:52:22.051+02:00 [INFO ] GAME_SUBMITTED worker=1 n=18 id=fdb1e692c4644832f91141213eb0697ed5bf3b9ae0537975dfa0bb7dbe728a9e total_submit_ms=14105 deposit_a=10 deposit_b=12 create=9 join=1 turn_a=19 turn_b=8 withdraw=34
2026-09-26 00:52:22.160+02:00 [INFO ] GAME_SUBMITTED worker=4 n=17 id=f0c62dc68a0e93bf20d35e5f643821c183cd729520474e65a6f4bcb2246fa179 total_submit_ms=14158 deposit_a=45 deposit_b=1 create=25 join=0 turn_a=17 turn_b=10 withdraw=44
2026-09-26 00:52:23.053+02:00 [INFO ] GAME_FINISHED worker=1 n=18 id=fdb1e692c4644832f91141213eb0697ed5bf3b9ae0537975dfa0bb7dbe728a9e state=First finish_wait_ms=1001 game_ms=15107
2026-09-26 00:52:23.162+02:00 [INFO ] GAME_FINISHED worker=4 n=17 id=f0c62dc68a0e93bf20d35e5f643821c183cd729520474e65a6f4bcb2246fa179 state=First finish_wait_ms=1002 game_ms=15161
2026-09-26 00:52:26.219+02:00 [INFO ] GAME_SUBMITTED worker=2 n=18 id=729118f144c25761fe320e7d59c7c5d571a93ae133cab9836a64715e8b0c1ad2 total_submit_ms=14103 deposit_a=19 deposit_b=10 create=11 join=11 turn_a=28 turn_b=2 withdraw=6
2026-09-26 00:52:26.219+02:00 [INFO ] GAME_FINISHED worker=2 n=18 id=729118f144c25761fe320e7d59c7c5d571a93ae133cab9836a64715e8b0c1ad2 state=First finish_wait_ms=0 game_ms=14103
2026-09-26 00:52:26.363+02:00 [INFO ] GAME_SUBMITTED worker=3 n=18 id=311e59cd5e931105c8a88c300637632c0dcdb86bb36d8c14fbae69423a7f7cc0 total_submit_ms=14231 deposit_a=41 deposit_b=1 create=45 join=1 turn_a=24 turn_b=63 withdraw=42
2026-09-26 00:52:26.363+02:00 [INFO ] GAME_SUBMITTED worker=0 n=18 id=cc6d485012b8ff8c43ab29963b04f4d7e3f28142c6a19541c93ced3cca51e9ca total_submit_ms=14237 deposit_a=47 deposit_b=1 create=45 join=1 turn_a=32 turn_b=78 withdraw=18
2026-09-26 00:52:26.363+02:00 [INFO ] GAME_SUBMITTED worker=7 n=18 id=a27ae0380eafcb829e1286ec8090bb99c1c61389256dfe341667417886eb15dd total_submit_ms=14253 deposit_a=62 deposit_b=1 create=57 join=7 turn_a=14 turn_b=54 withdraw=42
2026-09-26 00:52:26.363+02:00 [INFO ] GAME_SUBMITTED worker=5 n=18 id=982ae584ffaae7cf00fa9012d7ecd39608fc169513d30e7d6909a41720ea8b47 total_submit_ms=14237 deposit_a=47 deposit_b=1 create=65 join=10 turn_a=10 turn_b=48 withdraw=42
2026-09-26 00:52:26.370+02:00 [INFO ] GAME_FINISHED worker=7 n=18 id=a27ae0380eafcb829e1286ec8090bb99c1c61389256dfe341667417886eb15dd state=First finish_wait_ms=6 game_ms=14259
2026-09-26 00:52:26.370+02:00 [INFO ] GAME_FINISHED worker=5 n=18 id=982ae584ffaae7cf00fa9012d7ecd39608fc169513d30e7d6909a41720ea8b47 state=First finish_wait_ms=6 game_ms=14244
2026-09-26 00:52:26.370+02:00 [INFO ] GAME_FINISHED worker=3 n=18 id=311e59cd5e931105c8a88c300637632c0dcdb86bb36d8c14fbae69423a7f7cc0 state=First finish_wait_ms=6 game_ms=14237
2026-09-26 00:52:26.370+02:00 [INFO ] GAME_FINISHED worker=0 n=18 id=cc6d485012b8ff8c43ab29963b04f4d7e3f28142c6a19541c93ced3cca51e9ca state=First finish_wait_ms=6 game_ms=14244
2026-09-26 00:52:26.401+02:00 [INFO ] GAME_SUBMITTED worker=6 n=18 id=e9de2c632981889df1ad6f565765a209a832a6236987f8d3e1fcad19f6731b56 total_submit_ms=14247 deposit_a=23 deposit_b=1 create=37 join=1 turn_a=24 turn_b=87 withdraw=55
2026-09-26 00:52:26.401+02:00 [INFO ] GAME_FINISHED worker=6 n=18 id=e9de2c632981889df1ad6f565765a209a832a6236987f8d3e1fcad19f6731b56 state=First finish_wait_ms=0 game_ms=14247
2026-09-26 00:52:37.164+02:00 [INFO ] GAME_SUBMITTED worker=1 n=19 id=43b40a77684c6a9643bb48b787feca4c3f9278c1fe6de5c1f7ba0abf7ccd14c1 total_submit_ms=14111 deposit_a=17 deposit_b=14 create=34 join=19 turn_a=4 turn_b=1 withdraw=10
2026-09-26 00:52:37.165+02:00 [INFO ] GAME_FINISHED worker=1 n=19 id=43b40a77684c6a9643bb48b787feca4c3f9278c1fe6de5c1f7ba0abf7ccd14c1 state=First finish_wait_ms=0 game_ms=14111
2026-09-26 00:52:37.235+02:00 [INFO ] GAME_SUBMITTED worker=4 n=18 id=b16465aebf38f05f660d176e77885be00c15e9a494ab8e82701cf402b90cf1da total_submit_ms=14072 deposit_a=3 deposit_b=13 create=3 join=29 turn_a=0 turn_b=0 withdraw=9
2026-09-26 00:52:37.235+02:00 [INFO ] GAME_FINISHED worker=4 n=18 id=b16465aebf38f05f660d176e77885be00c15e9a494ab8e82701cf402b90cf1da state=First finish_wait_ms=0 game_ms=14072
2026-09-26 00:52:40.290+02:00 [INFO ] GAME_SUBMITTED worker=2 n=19 id=86eb112ffbcf1307f71054c51d5685111e04386690917ba4d8d33a1a08c13f67 total_submit_ms=14071 deposit_a=0 deposit_b=8 create=0 join=13 turn_a=22 turn_b=10 withdraw=7
2026-09-26 00:52:40.291+02:00 [INFO ] GAME_FINISHED worker=2 n=19 id=86eb112ffbcf1307f71054c51d5685111e04386690917ba4d8d33a1a08c13f67 state=First finish_wait_ms=0 game_ms=14071
2026-09-26 00:52:40.483+02:00 [INFO ] GAME_SUBMITTED worker=7 n=19 id=81c50f574af87cfe631a31d9ee517fbe131e64ac9d406e93fd202037168dfc45 total_submit_ms=14113 deposit_a=6 deposit_b=23 create=0 join=49 turn_a=9 turn_b=0 withdraw=5
2026-09-26 00:52:40.485+02:00 [INFO ] GAME_SUBMITTED worker=5 n=19 id=11806b13775347ad4758b99ae723695d37388433552fab425f42db64c16a431a total_submit_ms=14115 deposit_a=6 deposit_b=23 create=1 join=51 turn_a=13 turn_b=1 withdraw=5
2026-09-26 00:52:40.485+02:00 [INFO ] GAME_FINISHED worker=7 n=19 id=81c50f574af87cfe631a31d9ee517fbe131e64ac9d406e93fd202037168dfc45 state=First finish_wait_ms=1 game_ms=14115
2026-09-26 00:52:40.486+02:00 [INFO ] GAME_FINISHED worker=5 n=19 id=11806b13775347ad4758b99ae723695d37388433552fab425f42db64c16a431a state=First finish_wait_ms=0 game_ms=14115
2026-09-26 00:52:40.488+02:00 [INFO ] GAME_SUBMITTED worker=3 n=19 id=c16ce5cf9281ec3f1799a76b65498d43115cc091b7db188ae584bb865873595d total_submit_ms=14117 deposit_a=3 deposit_b=30 create=0 join=42 turn_a=20 turn_b=0 withdraw=9
2026-09-26 00:52:40.488+02:00 [INFO ] GAME_FINISHED worker=3 n=19 id=c16ce5cf9281ec3f1799a76b65498d43115cc091b7db188ae584bb865873595d state=First finish_wait_ms=0 game_ms=14118
2026-09-26 00:52:40.488+02:00 [INFO ] GAME_SUBMITTED worker=6 n=19 id=d3a6da1a935af8ac2d7f22ba7b39b90f676afafb12087b2b33f4d0527c20c75d total_submit_ms=14086 deposit_a=17 deposit_b=3 create=1 join=32 turn_a=13 turn_b=1 withdraw=7
2026-09-26 00:52:40.488+02:00 [INFO ] GAME_SUBMITTED worker=0 n=19 id=4a16dc6ab17edc8917342c0d70d3fb0714e7697c17f883309a83758435bc55c5 total_submit_ms=14118 deposit_a=5 deposit_b=23 create=0 join=49 turn_a=13 turn_b=1 withdraw=7
2026-09-26 00:52:40.488+02:00 [INFO ] GAME_FINISHED worker=6 n=19 id=d3a6da1a935af8ac2d7f22ba7b39b90f676afafb12087b2b33f4d0527c20c75d state=First finish_wait_ms=0 game_ms=14087
2026-09-26 00:52:40.488+02:00 [INFO ] GAME_FINISHED worker=0 n=19 id=4a16dc6ab17edc8917342c0d70d3fb0714e7697c17f883309a83758435bc55c5 state=First finish_wait_ms=0 game_ms=14118
2026-09-26 00:52:45.314+02:00 [WARN ] GAME_FAIL worker=4 n=19 after_ms=8079 err=turn A: transaction submission failed after retries
2026-09-26 00:52:51.240+02:00 [INFO ] GAME_SUBMITTED worker=1 n=20 id=5d35da94fedc1caaabe2e260aedafa9318e103cec60c8af920902aa7148fc8b3 total_submit_ms=14075 deposit_a=16 deposit_b=2 create=14 join=1 turn_a=0 turn_b=10 withdraw=19
2026-09-26 00:52:51.240+02:00 [INFO ] GAME_FINISHED worker=1 n=20 id=5d35da94fedc1caaabe2e260aedafa9318e103cec60c8af920902aa7148fc8b3 state=First finish_wait_ms=0 game_ms=14075
2026-09-26 00:52:54.458+02:00 [INFO ] GAME_SUBMITTED worker=2 n=20 id=9f789a6c1c6bad902237d0e47e4dfda86b8480ffb05b24416056f305e6de90c7 total_submit_ms=14167 deposit_a=52 deposit_b=51 create=4 join=15 turn_a=12 turn_b=12 withdraw=8
2026-09-26 00:52:54.459+02:00 [INFO ] GAME_FINISHED worker=2 n=20 id=9f789a6c1c6bad902237d0e47e4dfda86b8480ffb05b24416056f305e6de90c7 state=First finish_wait_ms=0 game_ms=14168
2026-09-26 00:52:54.652+02:00 [INFO ] GAME_SUBMITTED worker=3 n=20 id=41cd1a9153cc1720a8d01d48c301f96455083cf79b39555c228794a735e99fe8 total_submit_ms=14163 deposit_a=20 deposit_b=40 create=0 join=25 turn_a=13 turn_b=18 withdraw=35
2026-09-26 00:52:54.652+02:00 [INFO ] GAME_FINISHED worker=3 n=20 id=41cd1a9153cc1720a8d01d48c301f96455083cf79b39555c228794a735e99fe8 state=First finish_wait_ms=0 game_ms=14163
2026-09-26 00:52:54.655+02:00 [INFO ] GAME_SUBMITTED worker=7 n=20 id=e1438f85260e9d437f4b649460cc8447fc9761b77323c611f7cc1bde9b04f47c total_submit_ms=14169 deposit_a=24 deposit_b=37 create=1 join=20 turn_a=10 turn_b=25 withdraw=40
2026-09-26 00:52:54.655+02:00 [INFO ] GAME_SUBMITTED worker=5 n=20 id=988424c14dc1d804d73f06553e2d588ff63742deac01b2474215507a7aa73415 total_submit_ms=14169 deposit_a=24 deposit_b=62 create=2 join=32 turn_a=5 turn_b=27 withdraw=7
2026-09-26 00:52:54.655+02:00 [INFO ] GAME_SUBMITTED worker=6 n=20 id=79f499805362f8b19a296e03d008c8f376236ac6a68bcea22178668d720047f4 total_submit_ms=14166 deposit_a=18 deposit_b=67 create=2 join=32 turn_a=2 turn_b=22 withdraw=13
2026-09-26 00:52:54.655+02:00 [INFO ] GAME_FINISHED worker=5 n=20 id=988424c14dc1d804d73f06553e2d588ff63742deac01b2474215507a7aa73415 state=First finish_wait_ms=0 game_ms=14169
2026-09-26 00:52:54.655+02:00 [INFO ] GAME_FINISHED worker=6 n=20 id=79f499805362f8b19a296e03d008c8f376236ac6a68bcea22178668d720047f4 state=First finish_wait_ms=0 game_ms=14166
2026-09-26 00:52:54.655+02:00 [INFO ] GAME_FINISHED worker=7 n=20 id=e1438f85260e9d437f4b649460cc8447fc9761b77323c611f7cc1bde9b04f47c state=First finish_wait_ms=0 game_ms=14170
2026-09-26 00:52:54.691+02:00 [INFO ] GAME_SUBMITTED worker=0 n=20 id=223ce8c2352c1ac251602e37b796826b7aae68c8075fb09bfa663ebd1e8bad00 total_submit_ms=14202 deposit_a=18 deposit_b=67 create=3 join=45 turn_a=31 turn_b=17 withdraw=8
2026-09-26 00:52:54.691+02:00 [INFO ] GAME_FINISHED worker=0 n=20 id=223ce8c2352c1ac251602e37b796826b7aae68c8075fb09bfa663ebd1e8bad00 state=First finish_wait_ms=0 game_ms=14203
2026-09-26 00:53:00.524+02:00 [WARN ] GAME_FAIL worker=2 n=21 after_ms=6065 err=join game: transaction submission failed after retries
2026-09-26 00:53:00.709+02:00 [WARN ] GAME_FAIL worker=6 n=21 after_ms=6053 err=join game: transaction submission failed after retries
2026-09-26 00:53:00.709+02:00 [WARN ] GAME_FAIL worker=5 n=21 after_ms=6054 err=join game: transaction submission failed after retries
2026-09-26 00:53:00.709+02:00 [WARN ] GAME_FAIL worker=3 n=21 after_ms=6057 err=join game: transaction submission failed after retries
2026-09-26 00:53:04.428+02:00 [INFO ] GAME_SUBMITTED worker=4 n=20 id=1b65ed0f90befecc08262eb438455174f78a9e57a36c0946fae6a883c7c75638 total_submit_ms=14112 deposit_a=14 deposit_b=0 create=0 join=20 turn_a=6 turn_b=58 withdraw=3
2026-09-26 00:53:05.430+02:00 [INFO ] GAME_FINISHED worker=4 n=20 id=1b65ed0f90befecc08262eb438455174f78a9e57a36c0946fae6a883c7c75638 state=First finish_wait_ms=1001 game_ms=15114
2026-09-26 00:53:05.470+02:00 [INFO ] GAME_SUBMITTED worker=1 n=21 id=bc6498932ecaa6e7d1a8bbce3a3972e9019c7614c3ee58f4c32ac5ce02ca26b4 total_submit_ms=14229 deposit_a=2 deposit_b=8 create=1 join=16 turn_a=87 turn_b=16 withdraw=89
2026-09-26 00:53:05.470+02:00 [INFO ] GAME_FINISHED worker=1 n=21 id=bc6498932ecaa6e7d1a8bbce3a3972e9019c7614c3ee58f4c32ac5ce02ca26b4 state=First finish_wait_ms=0 game_ms=14229
2026-09-26 00:53:08.880+02:00 [INFO ] GAME_SUBMITTED worker=0 n=21 id=9590918f729e5edd3bbdc3d324227adef74512578b1d7ac6132fc4f9c70354e5 total_submit_ms=14188 deposit_a=6 deposit_b=16 create=32 join=24 turn_a=47 turn_b=43 withdraw=1
2026-09-26 00:53:08.880+02:00 [INFO ] GAME_SUBMITTED worker=7 n=21 id=ac653077eb9f1e049acb2ca4ba0d869130434d28de8e716af6be797446ff5b4b total_submit_ms=14225 deposit_a=12 deposit_b=24 create=27 join=31 turn_a=65 turn_b=43 withdraw=1
2026-09-26 00:53:08.881+02:00 [INFO ] GAME_FINISHED worker=0 n=21 id=9590918f729e5edd3bbdc3d324227adef74512578b1d7ac6132fc4f9c70354e5 state=First finish_wait_ms=0 game_ms=14189
2026-09-26 00:53:08.881+02:00 [INFO ] GAME_FINISHED worker=7 n=21 id=ac653077eb9f1e049acb2ca4ba0d869130434d28de8e716af6be797446ff5b4b state=First finish_wait_ms=0 game_ms=14225
2026-09-26 00:53:16.982+02:00 [WARN ] GAME_FAIL worker=7 n=22 after_ms=8101 err=turn A: transaction submission failed after retries
2026-09-26 00:53:17.039+02:00 [WARN ] GAME_FAIL worker=0 n=22 after_ms=8158 err=turn A: transaction submission failed after retries
2026-09-26 00:53:19.485+02:00 [INFO ] GAME_SUBMITTED worker=4 n=21 id=64909f6414f2926b733b5ab63c081c3d5e30d687b400e87c24c83e44ce6fda10 total_submit_ms=14054 deposit_a=1 deposit_b=1 create=0 join=1 turn_a=2 turn_b=15 withdraw=12
2026-09-26 00:53:19.485+02:00 [INFO ] GAME_FINISHED worker=4 n=21 id=64909f6414f2926b733b5ab63c081c3d5e30d687b400e87c24c83e44ce6fda10 state=First finish_wait_ms=0 game_ms=14055
2026-09-26 00:53:19.527+02:00 [INFO ] GAME_SUBMITTED worker=1 n=22 id=54229e0bfa6b7ae20a31c92e590da1373856a4760d36c23c978ee107681db764 total_submit_ms=14056 deposit_a=0 deposit_b=1 create=1 join=1 turn_a=11 turn_b=27 withdraw=6
2026-09-26 00:53:19.527+02:00 [INFO ] GAME_FINISHED worker=1 n=22 id=54229e0bfa6b7ae20a31c92e590da1373856a4760d36c23c978ee107681db764 state=First finish_wait_ms=0 game_ms=14057
2026-09-26 00:53:19.607+02:00 [INFO ] GAME_SUBMITTED worker=2 n=22 id=a8211a1070830090ddc917a12e51a8acd34ad1c2ffef14b9ee985369059a68f8 total_submit_ms=14082 deposit_a=1 deposit_b=41 create=1 join=0 turn_a=4 turn_b=8 withdraw=13
2026-09-26 00:53:19.607+02:00 [INFO ] GAME_FINISHED worker=2 n=22 id=a8211a1070830090ddc917a12e51a8acd34ad1c2ffef14b9ee985369059a68f8 state=First finish_wait_ms=0 game_ms=14082
2026-09-26 00:53:19.745+02:00 [INFO ] GAME_SUBMITTED worker=3 n=22 id=ee5ea8e73092a5bbac1f84733b53a2e8271a3bc2cf2e2b8c65da9171c75d0095 total_submit_ms=14033 deposit_a=1 deposit_b=5 create=2 join=0 turn_a=1 turn_b=5 withdraw=5
2026-09-26 00:53:19.756+02:00 [INFO ] GAME_FINISHED worker=3 n=22 id=ee5ea8e73092a5bbac1f84733b53a2e8271a3bc2cf2e2b8c65da9171c75d0095 state=First finish_wait_ms=11 game_ms=14044
2026-09-26 00:53:19.756+02:00 [INFO ] GAME_SUBMITTED worker=6 n=22 id=39373e51b3ec2740386fdbab7be3da141bd9fb6bd33feac4f2c875330eb5341d total_submit_ms=14045 deposit_a=1 deposit_b=6 create=1 join=1 turn_a=8 turn_b=15 withdraw=0
2026-09-26 00:53:19.757+02:00 [INFO ] GAME_FINISHED worker=6 n=22 id=39373e51b3ec2740386fdbab7be3da141bd9fb6bd33feac4f2c875330eb5341d state=First finish_wait_ms=0 game_ms=14045
2026-09-26 00:53:19.758+02:00 [INFO ] GAME_SUBMITTED worker=5 n=22 id=bd78cd740aa1d792fc563825fc9897477d38d722819974bbc62c03d4404d3db5 total_submit_ms=14046 deposit_a=1 deposit_b=4 create=1 join=0 turn_a=8 turn_b=16 withdraw=0
2026-09-26 00:53:19.758+02:00 [INFO ] GAME_FINISHED worker=5 n=22 id=bd78cd740aa1d792fc563825fc9897477d38d722819974bbc62c03d4404d3db5 state=First finish_wait_ms=0 game_ms=14047
2026-09-26 00:53:33.585+02:00 [INFO ] GAME_SUBMITTED worker=4 n=22 id=d6fb9ff1922305affd5aa45f5e15ec2093f97de50b76d39f97f8b16d63d56d0f total_submit_ms=14099 deposit_a=25 deposit_b=30 create=16 join=4 turn_a=6 turn_b=1 withdraw=0
2026-09-26 00:53:33.600+02:00 [INFO ] GAME_SUBMITTED worker=1 n=23 id=ad2273f6533cd0d44025eea6f8e57696bb90dea528d30f35067cbc3e5888089b total_submit_ms=14072 deposit_a=25 deposit_b=8 create=20 join=3 turn_a=1 turn_b=2 withdraw=0
2026-09-26 00:53:33.762+02:00 [INFO ] GAME_SUBMITTED worker=2 n=23 id=7ed948d23c9e345dbe13d056968c69509da2cebeb580790c5dc7f966aa8164c5 total_submit_ms=14154 deposit_a=54 deposit_b=19 create=21 join=10 turn_a=12 turn_b=27 withdraw=1
2026-09-26 00:53:33.946+02:00 [INFO ] GAME_SUBMITTED worker=5 n=23 id=38755e12845a2dc101b3e98dd5d31b1d40fa227900ebff75f1eb7b14d189b6e0 total_submit_ms=14187 deposit_a=91 deposit_b=0 create=32 join=19 turn_a=2 turn_b=3 withdraw=20
2026-09-26 00:53:33.976+02:00 [INFO ] GAME_SUBMITTED worker=6 n=23 id=5301f6abd90ac23cd307bde09402f62cda478bb644aafb406bd84b05d233ecca total_submit_ms=14219 deposit_a=95 deposit_b=8 create=21 join=21 turn_a=2 turn_b=16 withdraw=41
2026-09-26 00:53:33.978+02:00 [INFO ] GAME_SUBMITTED worker=3 n=23 id=3c059232bf4a80bd760d21d51d860414f67f32a588d3ee097b2069255800a447 total_submit_ms=14222 deposit_a=116 deposit_b=0 create=17 join=36 turn_a=2 turn_b=6 withdraw=26
2026-09-26 00:53:34.588+02:00 [INFO ] GAME_FINISHED worker=4 n=22 id=d6fb9ff1922305affd5aa45f5e15ec2093f97de50b76d39f97f8b16d63d56d0f state=First finish_wait_ms=1002 game_ms=15102
2026-09-26 00:53:34.764+02:00 [INFO ] GAME_FINISHED worker=2 n=23 id=7ed948d23c9e345dbe13d056968c69509da2cebeb580790c5dc7f966aa8164c5 state=First finish_wait_ms=1001 game_ms=15156
2026-09-26 00:53:34.947+02:00 [INFO ] GAME_FINISHED worker=5 n=23 id=38755e12845a2dc101b3e98dd5d31b1d40fa227900ebff75f1eb7b14d189b6e0 state=First finish_wait_ms=1001 game_ms=15188
2026-09-26 00:53:34.978+02:00 [INFO ] GAME_FINISHED worker=6 n=23 id=5301f6abd90ac23cd307bde09402f62cda478bb644aafb406bd84b05d233ecca state=First finish_wait_ms=1002 game_ms=15221
2026-09-26 00:53:34.980+02:00 [INFO ] GAME_FINISHED worker=3 n=23 id=3c059232bf4a80bd760d21d51d860414f67f32a588d3ee097b2069255800a447 state=First finish_wait_ms=1001 game_ms=15223
2026-09-26 00:53:35.604+02:00 [INFO ] GAME_FINISHED worker=1 n=23 id=ad2273f6533cd0d44025eea6f8e57696bb90dea528d30f35067cbc3e5888089b state=First finish_wait_ms=2003 game_ms=16076
2026-09-26 00:53:36.114+02:00 [INFO ] GAME_SUBMITTED worker=7 n=23 id=af0795283978c8ba243d779d9c7d3697f9c1abcd2d57566e8a3888e93dec93fe total_submit_ms=14125 deposit_a=19 deposit_b=41 create=23 join=5 turn_a=19 turn_b=0 withdraw=5
2026-09-26 00:53:36.114+02:00 [INFO ] GAME_FINISHED worker=7 n=23 id=af0795283978c8ba243d779d9c7d3697f9c1abcd2d57566e8a3888e93dec93fe state=First finish_wait_ms=0 game_ms=14125
2026-09-26 00:53:36.116+02:00 [INFO ] GAME_SUBMITTED worker=0 n=23 id=751d344d01458dd4ddcf47d38e21c8885adc2aaaa0eb038126aa190fdc1601a9 total_submit_ms=14074 deposit_a=3 deposit_b=30 create=7 join=1 turn_a=17 turn_b=0 withdraw=2
2026-09-26 00:53:36.118+02:00 [INFO ] GAME_FINISHED worker=0 n=23 id=751d344d01458dd4ddcf47d38e21c8885adc2aaaa0eb038126aa190fdc1601a9 state=First finish_wait_ms=1 game_ms=14076
2026-09-26 00:53:36.118+02:00 [WARN ] GAME_FAIL worker=7 n=24 after_ms=3 err=deposit A: deposit submission failed after retries
2026-09-26 00:53:36.118+02:00 [WARN ] GAME_FAIL worker=0 n=24 after_ms=0 err=deposit A: deposit submission failed after retries
2026-09-26 00:53:36.600+02:00 [WARN ] GAME_FAIL worker=4 n=23 after_ms=2011 err=deposit B: deposit submission failed after retries
2026-09-26 00:53:36.782+02:00 [WARN ] GAME_FAIL worker=2 n=24 after_ms=2017 err=deposit B: deposit submission failed after retries
2026-09-26 00:53:37.015+02:00 [WARN ] GAME_FAIL worker=5 n=24 after_ms=2068 err=deposit B: deposit submission failed after retries
2026-09-26 00:53:41.125+02:00 [WARN ] GAME_FAIL worker=3 n=24 after_ms=6145 err=join game: transaction submission failed after retries
2026-09-26 00:53:49.174+02:00 [INFO ] GAME_SUBMITTED worker=6 n=24 id=b8f6d8e8dbb23225d202a5452043e32f5c115f2c626b82b40b14dced23622646 total_submit_ms=14195 deposit_a=31 deposit_b=71 create=38 join=2 turn_a=10 turn_b=2 withdraw=32
2026-09-26 00:53:49.175+02:00 [INFO ] GAME_FINISHED worker=6 n=24 id=b8f6d8e8dbb23225d202a5452043e32f5c115f2c626b82b40b14dced23622646 state=First finish_wait_ms=0 game_ms=14196
2026-09-26 00:53:49.658+02:00 [INFO ] GAME_SUBMITTED worker=1 n=24 id=f217ac2075a9edaf86c8bcb3ac024a88442d1e0a82396a9ef9c73d452193d7a0 total_submit_ms=14054 deposit_a=1 deposit_b=2 create=17 join=4 turn_a=2 turn_b=6 withdraw=6
2026-09-26 00:53:49.658+02:00 [INFO ] GAME_FINISHED worker=1 n=24 id=f217ac2075a9edaf86c8bcb3ac024a88442d1e0a82396a9ef9c73d452193d7a0 state=First finish_wait_ms=0 game_ms=14054
2026-09-26 00:53:55.183+02:00 [INFO ] GAME_SUBMITTED worker=0 n=25 id=997fcbe0788ec9030df08278a8b6cc222ada3473b5dd097cc764e78d37529b7b total_submit_ms=14063 deposit_a=5 deposit_b=10 create=2 join=19 turn_a=4 turn_b=7 withdraw=4
2026-09-26 00:53:55.184+02:00 [INFO ] GAME_FINISHED worker=0 n=25 id=997fcbe0788ec9030df08278a8b6cc222ada3473b5dd097cc764e78d37529b7b state=First finish_wait_ms=0 game_ms=14064
2026-09-26 00:53:55.204+02:00 [INFO ] GAME_SUBMITTED worker=7 n=25 id=58351052fde08b9ff73ff73539e877d33937e0c71c2c23f6018be123f43692fc total_submit_ms=14084 deposit_a=5 deposit_b=8 create=4 join=32 turn_a=2 turn_b=14 withdraw=8
2026-09-26 00:53:55.204+02:00 [INFO ] GAME_FINISHED worker=7 n=25 id=58351052fde08b9ff73ff73539e877d33937e0c71c2c23f6018be123f43692fc state=First finish_wait_ms=0 game_ms=14084
2026-09-26 00:53:55.705+02:00 [INFO ] GAME_SUBMITTED worker=4 n=24 id=718c7c8a790f7a7c695f91b8d9ae09b8a521719068f35930126ba8974f44f05f total_submit_ms=14103 deposit_a=1 deposit_b=5 create=26 join=16 turn_a=6 turn_b=1 withdraw=38
2026-09-26 00:53:55.915+02:00 [INFO ] GAME_SUBMITTED worker=2 n=25 id=48f8fbcfd344301ce4ef7336cedb874eddc0a0d58da169e9a109a6da5472a499 total_submit_ms=14131 deposit_a=2 deposit_b=37 create=0 join=11 turn_a=10 turn_b=19 withdraw=28
2026-09-26 00:53:56.097+02:00 [INFO ] GAME_SUBMITTED worker=5 n=25 id=ee952f304ff8514bbc9ab5bda2c567142747ef653c8e545d9759a176bcd6fb3e total_submit_ms=14080 deposit_a=0 deposit_b=0 create=3 join=0 turn_a=14 turn_b=27 withdraw=20
2026-09-26 00:53:56.707+02:00 [INFO ] GAME_FINISHED worker=4 n=24 id=718c7c8a790f7a7c695f91b8d9ae09b8a521719068f35930126ba8974f44f05f state=First finish_wait_ms=1002 game_ms=15106
2026-09-26 00:53:56.917+02:00 [INFO ] GAME_FINISHED worker=2 n=25 id=48f8fbcfd344301ce4ef7336cedb874eddc0a0d58da169e9a109a6da5472a499 state=First finish_wait_ms=1001 game_ms=15133
2026-09-26 00:53:57.105+02:00 [INFO ] GAME_FINISHED worker=5 n=25 id=ee952f304ff8514bbc9ab5bda2c567142747ef653c8e545d9759a176bcd6fb3e state=First finish_wait_ms=1007 game_ms=15088
2026-09-26 00:54:00.197+02:00 [INFO ] GAME_SUBMITTED worker=3 n=25 id=10f53c0c679a6288932507416222ad23859432d941b6b41e60f7d4dddb4355ca total_submit_ms=14071 deposit_a=7 deposit_b=10 create=9 join=8 turn_a=12 turn_b=2 withdraw=2
2026-09-26 00:54:00.197+02:00 [INFO ] GAME_FINISHED worker=3 n=25 id=10f53c0c679a6288932507416222ad23859432d941b6b41e60f7d4dddb4355ca state=First finish_wait_ms=0 game_ms=14071
2026-09-26 00:54:03.221+02:00 [INFO ] GAME_SUBMITTED worker=6 n=25 id=02cb51796ae7c3275f7c1fc18f0e5fa2be338a667d4aa1932534c6f3d485f467 total_submit_ms=14046 deposit_a=1 deposit_b=11 create=11 join=1 turn_a=0 turn_b=6 withdraw=4
2026-09-26 00:54:03.800+02:00 [INFO ] GAME_SUBMITTED worker=1 n=25 id=b82b9d3b23fc3c0b867771c9ff682efab3141e392362bf097d29e8e221dd2a8b total_submit_ms=14142 deposit_a=15 deposit_b=2 create=15 join=16 turn_a=31 turn_b=18 withdraw=30
2026-09-26 00:54:04.223+02:00 [INFO ] GAME_FINISHED worker=6 n=25 id=02cb51796ae7c3275f7c1fc18f0e5fa2be338a667d4aa1932534c6f3d485f467 state=First finish_wait_ms=1001 game_ms=15048
2026-09-26 00:54:04.802+02:00 [INFO ] GAME_FINISHED worker=1 n=25 id=b82b9d3b23fc3c0b867771c9ff682efab3141e392362bf097d29e8e221dd2a8b state=First finish_wait_ms=1001 game_ms=15143
2026-09-26 00:54:09.251+02:00 [INFO ] GAME_SUBMITTED worker=0 n=26 id=fc8d70e2edf6bb0369ab9407de5192859d1fe1ee05298e095d1e2ace2d05414c total_submit_ms=14066 deposit_a=2 deposit_b=0 create=22 join=2 turn_a=6 turn_b=18 withdraw=3
2026-09-26 00:54:09.251+02:00 [INFO ] GAME_SUBMITTED worker=7 n=26 id=66edb00ea19e319b7b5cb8a0725a8d72afa3a1ed0908e71ad6c7f84aed0c7ac7 total_submit_ms=14046 deposit_a=1 deposit_b=1 create=6 join=4 turn_a=13 turn_b=8 withdraw=3
2026-09-26 00:54:09.251+02:00 [INFO ] GAME_FINISHED worker=0 n=26 id=fc8d70e2edf6bb0369ab9407de5192859d1fe1ee05298e095d1e2ace2d05414c state=First finish_wait_ms=0 game_ms=14067
2026-09-26 00:54:09.251+02:00 [INFO ] GAME_FINISHED worker=7 n=26 id=66edb00ea19e319b7b5cb8a0725a8d72afa3a1ed0908e71ad6c7f84aed0c7ac7 state=First finish_wait_ms=0 game_ms=14046
2026-09-26 00:54:10.793+02:00 [INFO ] GAME_SUBMITTED worker=4 n=25 id=8ee4cd37a56bda87393a79ba8a0e0bedc643172ae39bcacef8dd33bdf71861e2 total_submit_ms=14085 deposit_a=10 deposit_b=1 create=1 join=32 turn_a=15 turn_b=0 withdraw=13
2026-09-26 00:54:10.793+02:00 [INFO ] GAME_FINISHED worker=4 n=25 id=8ee4cd37a56bda87393a79ba8a0e0bedc643172ae39bcacef8dd33bdf71861e2 state=First finish_wait_ms=0 game_ms=14086
2026-09-26 00:54:11.082+02:00 [INFO ] GAME_SUBMITTED worker=2 n=26 id=01b3fd0993b223d2a11f2a167462fa28dc735c60d8663509e2c93d5059985583 total_submit_ms=14165 deposit_a=0 deposit_b=49 create=1 join=6 turn_a=17 turn_b=58 withdraw=19
2026-09-26 00:54:11.084+02:00 [INFO ] GAME_FINISHED worker=2 n=26 id=01b3fd0993b223d2a11f2a167462fa28dc735c60d8663509e2c93d5059985583 state=First finish_wait_ms=2 game_ms=14167
2026-09-26 00:54:11.219+02:00 [INFO ] GAME_SUBMITTED worker=5 n=26 id=4a7ab39ca0852b8abac7f3a7bb7d07bc84e51283e08094a8e94387cb56326789 total_submit_ms=14114 deposit_a=0 deposit_b=6 create=1 join=8 turn_a=5 turn_b=8 withdraw=65
2026-09-26 00:54:11.219+02:00 [INFO ] GAME_FINISHED worker=5 n=26 id=4a7ab39ca0852b8abac7f3a7bb7d07bc84e51283e08094a8e94387cb56326789 state=First finish_wait_ms=0 game_ms=14114
2026-09-26 00:54:14.296+02:00 [WARN ] GAME_FAIL worker=6 n=26 after_ms=10073 err=turn B: transaction submission failed after retries
2026-09-26 00:54:14.308+02:00 [INFO ] GAME_SUBMITTED worker=3 n=26 id=a746796f7796773d8adf0c2f4fa162e4be4cc28c8a0712f5eae130faccf797b5 total_submit_ms=14111 deposit_a=0 deposit_b=26 create=31 join=5 turn_a=15 turn_b=6 withdraw=16
2026-09-26 00:54:14.310+02:00 [INFO ] GAME_FINISHED worker=3 n=26 id=a746796f7796773d8adf0c2f4fa162e4be4cc28c8a0712f5eae130faccf797b5 state=First finish_wait_ms=1 game_ms=14112
2026-09-26 00:54:14.313+02:00 [WARN ] GAME_FAIL worker=3 n=27 after_ms=3 err=deposit A: deposit submission failed after retries
2026-09-26 00:54:18.893+02:00 [INFO ] GAME_SUBMITTED worker=1 n=26 id=f0ad924ca3bdaf2134b281b0925a21cc99a0d7101932077b7fadd6846f4b5986 total_submit_ms=14091 deposit_a=25 deposit_b=1 create=18 join=8 turn_a=16 turn_b=1 withdraw=11
2026-09-26 00:54:18.894+02:00 [INFO ] GAME_FINISHED worker=1 n=26 id=f0ad924ca3bdaf2134b281b0925a21cc99a0d7101932077b7fadd6846f4b5986 state=First finish_wait_ms=0 game_ms=14091
2026-09-26 00:54:23.320+02:00 [WARN ] GAME_FAIL worker=6 n=27 after_ms=4022 err=create game: transaction submission failed after retries
2026-09-26 00:54:23.343+02:00 [WARN ] GAME_FAIL worker=3 n=28 after_ms=4030 err=create game: transaction submission failed after retries
2026-09-26 00:54:23.345+02:00 [INFO ] GAME_SUBMITTED worker=0 n=27 id=8a13f8a9426e853ac7ff338f7ead5dac2405b76b5915b7c2650a9d31fb5dd586 total_submit_ms=14094 deposit_a=10 deposit_b=20 create=15 join=8 turn_a=26 turn_b=1 withdraw=0
2026-09-26 00:54:23.351+02:00 [INFO ] GAME_SUBMITTED worker=7 n=27 id=7d0da1f5162ea801bd1800e7d365f82f2fcb885ca7bb2a9bc46ca3e84cb77a34 total_submit_ms=14100 deposit_a=10 deposit_b=19 create=16 join=17 turn_a=24 turn_b=0 withdraw=2
2026-09-26 00:54:23.352+02:00 [INFO ] GAME_FINISHED worker=0 n=27 id=8a13f8a9426e853ac7ff338f7ead5dac2405b76b5915b7c2650a9d31fb5dd586 state=First finish_wait_ms=6 game_ms=14100
2026-09-26 00:54:23.352+02:00 [INFO ] GAME_FINISHED worker=7 n=27 id=7d0da1f5162ea801bd1800e7d365f82f2fcb885ca7bb2a9bc46ca3e84cb77a34 state=First finish_wait_ms=0 game_ms=14100
2026-09-26 00:54:24.889+02:00 [INFO ] GAME_SUBMITTED worker=4 n=26 id=a3de4abad59d997d0be4aad0074fced77ca5d6fca8c6fccfb256502e3e9faf69 total_submit_ms=14095 deposit_a=6 deposit_b=3 create=2 join=51 turn_a=3 turn_b=6 withdraw=10
2026-09-26 00:54:24.889+02:00 [INFO ] GAME_FINISHED worker=4 n=26 id=a3de4abad59d997d0be4aad0074fced77ca5d6fca8c6fccfb256502e3e9faf69 state=First finish_wait_ms=0 game_ms=14095
2026-09-26 00:54:25.170+02:00 [INFO ] GAME_SUBMITTED worker=2 n=27 id=348a232803844f1c41931ba7cd41a50338e90b285d92da531b54038b7d90b2d1 total_submit_ms=14085 deposit_a=17 deposit_b=2 create=10 join=13 turn_a=12 turn_b=14 withdraw=1
2026-09-26 00:54:25.170+02:00 [INFO ] GAME_FINISHED worker=2 n=27 id=348a232803844f1c41931ba7cd41a50338e90b285d92da531b54038b7d90b2d1 state=First finish_wait_ms=0 game_ms=14085
2026-09-26 00:54:25.308+02:00 [INFO ] GAME_SUBMITTED worker=5 n=27 id=053adebe30debc9fbc8f6f47424693538cfc70fdeec682d948b6426cfe685c27 total_submit_ms=14088 deposit_a=14 deposit_b=22 create=1 join=9 turn_a=12 turn_b=6 withdraw=9
2026-09-26 00:54:26.312+02:00 [INFO ] GAME_FINISHED worker=5 n=27 id=053adebe30debc9fbc8f6f47424693538cfc70fdeec682d948b6426cfe685c27 state=First finish_wait_ms=1004 game_ms=15092
2026-09-26 00:54:28.349+02:00 [WARN ] GAME_FAIL worker=5 n=28 after_ms=2036 err=deposit B: deposit submission failed after retries
2026-09-26 00:54:32.996+02:00 [INFO ] GAME_SUBMITTED worker=1 n=27 id=9ec47c1e162c4c443209cae656d3b7e06d60b93fe43b67b697a270dc16b042e4 total_submit_ms=14102 deposit_a=3 deposit_b=26 create=3 join=3 turn_a=53 turn_b=2 withdraw=1
2026-09-26 00:54:33.999+02:00 [INFO ] GAME_FINISHED worker=1 n=27 id=9ec47c1e162c4c443209cae656d3b7e06d60b93fe43b67b697a270dc16b042e4 state=First finish_wait_ms=1002 game_ms=15105
2026-09-26 00:54:37.451+02:00 [INFO ] GAME_SUBMITTED worker=0 n=28 id=e3d29f4541f56c134a537ef65f63193550fac75f9f73a030e84caf0532f9cc3b total_submit_ms=14099 deposit_a=11 deposit_b=10 create=25 join=1 turn_a=3 turn_b=17 withdraw=19
2026-09-26 00:54:37.451+02:00 [INFO ] GAME_FINISHED worker=0 n=28 id=e3d29f4541f56c134a537ef65f63193550fac75f9f73a030e84caf0532f9cc3b state=First finish_wait_ms=0 game_ms=14099
2026-09-26 00:54:37.458+02:00 [INFO ] GAME_SUBMITTED worker=7 n=28 id=707923da0cf7ee01b8bf3d678b4df6c84287dfb26317ae9ad8b367899673c18f total_submit_ms=14105 deposit_a=10 deposit_b=10 create=25 join=1 turn_a=3 turn_b=6 withdraw=37
2026-09-26 00:54:37.458+02:00 [INFO ] GAME_FINISHED worker=7 n=28 id=707923da0cf7ee01b8bf3d678b4df6c84287dfb26317ae9ad8b367899673c18f state=First finish_wait_ms=0 game_ms=14105
2026-09-26 00:54:38.979+02:00 [INFO ] GAME_SUBMITTED worker=4 n=27 id=c87193558653ae549b710527a0b7b8f94b7b48bdb742a60335a2a3dfd955ebfc total_submit_ms=14089 deposit_a=2 deposit_b=35 create=3 join=5 turn_a=15 turn_b=12 withdraw=3
2026-09-26 00:54:39.307+02:00 [INFO ] GAME_SUBMITTED worker=2 n=28 id=85b816dc915f4c11a91fda85556f086d65a711f316fef9ddfb520c198aaf572d total_submit_ms=14136 deposit_a=15 deposit_b=74 create=1 join=13 turn_a=6 turn_b=10 withdraw=1
2026-09-26 00:54:40.309+02:00 [INFO ] GAME_FINISHED worker=2 n=28 id=85b816dc915f4c11a91fda85556f086d65a711f316fef9ddfb520c198aaf572d state=First finish_wait_ms=1002 game_ms=15139
2026-09-26 00:54:40.385+02:00 [WARN ] GAME_FAIL worker=6 n=28 after_ms=12064 err=withdraw: transaction submission failed after retries
2026-09-26 00:54:40.393+02:00 [WARN ] GAME_FAIL worker=3 n=29 after_ms=12048 err=withdraw: transaction submission failed after retries
2026-09-26 00:54:40.982+02:00 [INFO ] GAME_FINISHED worker=4 n=27 id=c87193558653ae549b710527a0b7b8f94b7b48bdb742a60335a2a3dfd955ebfc state=First finish_wait_ms=2003 game_ms=16092
2026-09-26 00:54:41.443+02:00 [WARN ] GAME_FAIL worker=5 n=29 after_ms=8092 err=turn A: transaction submission failed after retries
2026-09-26 00:54:41.475+02:00 [WARN ] GAME_FAIL worker=7 n=29 after_ms=4016 err=create game: transaction submission failed after retries
2026-09-26 00:54:41.482+02:00 [WARN ] GAME_FAIL worker=0 n=29 after_ms=4031 err=create game: transaction submission failed after retries
2026-09-26 00:54:42.132+02:00 [WARN ] GAME_FAIL worker=1 n=28 after_ms=8133 err=join game: transaction submission failed after retries
2026-09-26 00:54:42.387+02:00 [WARN ] GAME_FAIL worker=2 n=29 after_ms=2078 err=deposit B: deposit submission failed after retries
2026-09-26 00:54:42.988+02:00 [WARN ] GAME_FAIL worker=4 n=28 after_ms=2006 err=deposit B: deposit submission failed after retries
2026-09-26 00:54:47.434+02:00 [WARN ] GAME_FAIL worker=2 n=30 after_ms=45 err=deposit A: deposit submission failed after retries
2026-09-26 00:54:47.450+02:00 [WARN ] GAME_FAIL worker=3 n=30 after_ms=2055 err=deposit B: deposit submission failed after retries
2026-09-26 00:54:47.450+02:00 [WARN ] GAME_FAIL worker=6 n=29 after_ms=2060 err=deposit B: deposit submission failed after retries
2026-09-26 00:54:48.069+02:00 [WARN ] GAME_FAIL worker=4 n=29 after_ms=79 err=deposit A: deposit submission failed after retries
2026-09-26 00:54:48.482+02:00 [WARN ] GAME_FAIL worker=5 n=30 after_ms=2036 err=deposit B: deposit submission failed after retries
2026-09-26 00:54:48.496+02:00 [WARN ] GAME_FAIL worker=0 n=30 after_ms=2012 err=deposit B: deposit submission failed after retries
2026-09-26 00:54:48.496+02:00 [WARN ] GAME_FAIL worker=7 n=30 after_ms=2019 err=deposit B: deposit submission failed after retries
2026-09-26 00:54:49.175+02:00 [WARN ] GAME_FAIL worker=1 n=29 after_ms=2041 err=deposit B: deposit submission failed after retries
2026-09-26 00:54:52.453+02:00 [WARN ] GAME_FAIL worker=3 n=31 after_ms=2 err=deposit A: deposit submission failed after retries
2026-09-26 00:54:52.453+02:00 [WARN ] GAME_FAIL worker=6 n=30 after_ms=2 err=deposit A: deposit submission failed after retries
2026-09-26 00:54:53.486+02:00 [WARN ] GAME_FAIL worker=5 n=31 after_ms=3 err=deposit A: deposit submission failed after retries
2026-09-26 00:54:53.501+02:00 [WARN ] GAME_FAIL worker=0 n=31 after_ms=4 err=deposit A: deposit submission failed after retries
2026-09-26 00:54:53.504+02:00 [WARN ] GAME_FAIL worker=7 n=31 after_ms=6 err=deposit A: deposit submission failed after retries
2026-09-26 00:54:54.215+02:00 [WARN ] GAME_FAIL worker=1 n=30 after_ms=38 err=deposit A: deposit submission failed after retries
2026-09-26 00:54:54.477+02:00 [WARN ] GAME_FAIL worker=2 n=31 after_ms=2043 err=deposit B: deposit submission failed after retries
2026-09-26 00:54:55.111+02:00 [WARN ] GAME_FAIL worker=4 n=30 after_ms=2040 err=deposit B: deposit submission failed after retries
2026-09-26 00:54:57.457+02:00 [WARN ] GAME_FAIL worker=6 n=31 after_ms=1 err=deposit A: deposit submission failed after retries
2026-09-26 00:54:57.457+02:00 [WARN ] GAME_FAIL worker=3 n=32 after_ms=1 err=deposit A: deposit submission failed after retries
2026-09-26 00:54:58.491+02:00 [WARN ] GAME_FAIL worker=5 n=32 after_ms=3 err=deposit A: deposit submission failed after retries
2026-09-26 00:54:58.514+02:00 [WARN ] GAME_FAIL worker=7 n=32 after_ms=8 err=deposit A: deposit submission failed after retries
2026-09-26 00:54:58.514+02:00 [WARN ] GAME_FAIL worker=0 n=32 after_ms=11 err=deposit A: deposit submission failed after retries
2026-09-26 00:54:59.221+02:00 [WARN ] GAME_FAIL worker=1 n=31 after_ms=3 err=deposit A: deposit submission failed after retries
2026-09-26 00:54:59.491+02:00 [WARN ] GAME_FAIL worker=2 n=32 after_ms=11 err=deposit A: deposit submission failed after retries
2026-09-26 00:55:00.117+02:00 [WARN ] GAME_FAIL worker=4 n=31 after_ms=4 err=deposit A: deposit submission failed after retries
2026-09-26 00:55:04.478+02:00 [WARN ] GAME_FAIL worker=6 n=32 after_ms=2019 err=deposit B: deposit submission failed after retries
2026-09-26 00:55:04.479+02:00 [WARN ] GAME_FAIL worker=3 n=33 after_ms=2020 err=deposit B: deposit submission failed after retries
2026-09-26 00:55:04.538+02:00 [WARN ] GAME_FAIL worker=2 n=33 after_ms=44 err=deposit A: deposit submission failed after retries
2026-09-26 00:55:05.125+02:00 [WARN ] GAME_FAIL worker=4 n=32 after_ms=6 err=deposit A: deposit submission failed after retries
2026-09-26 00:55:05.594+02:00 [WARN ] GAME_FAIL worker=5 n=33 after_ms=2103 err=deposit B: deposit submission failed after retries
2026-09-26 00:55:05.685+02:00 [WARN ] GAME_FAIL worker=7 n=33 after_ms=2168 err=deposit B: deposit submission failed after retries
2026-09-26 00:55:05.688+02:00 [WARN ] GAME_FAIL worker=0 n=33 after_ms=2172 err=deposit B: deposit submission failed after retries
2026-09-26 00:55:06.265+02:00 [WARN ] GAME_FAIL worker=1 n=32 after_ms=2043 err=deposit B: deposit submission failed after retries
2026-09-26 00:55:09.490+02:00 [WARN ] GAME_FAIL worker=3 n=34 after_ms=10 err=deposit A: deposit submission failed after retries
2026-09-26 00:55:09.491+02:00 [WARN ] GAME_FAIL worker=6 n=33 after_ms=12 err=deposit A: deposit submission failed after retries
2026-09-26 00:55:09.542+02:00 [WARN ] GAME_FAIL worker=2 n=34 after_ms=1 err=deposit A: deposit submission failed after retries
2026-09-26 00:55:10.148+02:00 [WARN ] GAME_FAIL worker=4 n=33 after_ms=22 err=deposit A: deposit submission failed after retries
2026-09-26 00:55:10.607+02:00 [WARN ] GAME_FAIL worker=5 n=34 after_ms=11 err=deposit A: deposit submission failed after retries
2026-09-26 00:55:10.690+02:00 [WARN ] GAME_FAIL worker=7 n=34 after_ms=4 err=deposit A: deposit submission failed after retries
2026-09-26 00:55:10.703+02:00 [WARN ] GAME_FAIL worker=0 n=34 after_ms=13 err=deposit A: deposit submission failed after retries
2026-09-26 00:55:11.275+02:00 [WARN ] GAME_FAIL worker=1 n=33 after_ms=8 err=deposit A: deposit submission failed after retries
2026-09-26 00:55:14.493+02:00 [WARN ] GAME_FAIL worker=3 n=35 after_ms=2 err=deposit A: deposit submission failed after retries
2026-09-26 00:55:14.552+02:00 [WARN ] GAME_FAIL worker=6 n=34 after_ms=59 err=deposit A: deposit submission failed after retries
2026-09-26 00:55:15.631+02:00 [WARN ] GAME_FAIL worker=5 n=35 after_ms=22 err=deposit A: deposit submission failed after retries
2026-09-26 00:55:15.720+02:00 [WARN ] GAME_FAIL worker=7 n=35 after_ms=29 err=deposit A: deposit submission failed after retries
2026-09-26 00:55:15.726+02:00 [WARN ] GAME_FAIL worker=0 n=35 after_ms=23 err=deposit A: deposit submission failed after retries
2026-09-26 00:55:16.279+02:00 [WARN ] GAME_FAIL worker=1 n=34 after_ms=3 err=deposit A: deposit submission failed after retries
2026-09-26 00:55:16.568+02:00 [WARN ] GAME_FAIL worker=2 n=35 after_ms=2023 err=deposit B: deposit submission failed after retries
2026-09-26 00:55:17.169+02:00 [WARN ] GAME_FAIL worker=4 n=34 after_ms=2020 err=deposit B: deposit submission failed after retries
2026-09-26 00:55:19.513+02:00 [WARN ] GAME_FAIL worker=3 n=36 after_ms=18 err=deposit A: deposit submission failed after retries
2026-09-26 00:55:19.555+02:00 [WARN ] GAME_FAIL worker=6 n=35 after_ms=1 err=deposit A: deposit submission failed after retries
2026-09-26 00:55:20.636+02:00 [WARN ] GAME_FAIL worker=5 n=36 after_ms=3 err=deposit A: deposit submission failed after retries
2026-09-26 00:55:20.734+02:00 [WARN ] GAME_FAIL worker=7 n=36 after_ms=10 err=deposit A: deposit submission failed after retries
2026-09-26 00:55:20.768+02:00 [WARN ] GAME_FAIL worker=0 n=36 after_ms=40 err=deposit A: deposit submission failed after retries
2026-09-26 00:55:21.288+02:00 [WARN ] GAME_FAIL worker=1 n=35 after_ms=6 err=deposit A: deposit submission failed after retries
2026-09-26 00:55:21.580+02:00 [WARN ] GAME_FAIL worker=2 n=36 after_ms=11 err=deposit A: deposit submission failed after retries
2026-09-26 00:55:22.173+02:00 [WARN ] GAME_FAIL worker=4 n=35 after_ms=3 err=deposit A: deposit submission failed after retries
2026-09-26 00:55:26.545+02:00 [WARN ] GAME_FAIL worker=3 n=37 after_ms=2029 err=deposit B: deposit submission failed after retries
2026-09-26 00:55:26.568+02:00 [WARN ] GAME_FAIL worker=6 n=36 after_ms=2010 err=deposit B: deposit submission failed after retries
2026-09-26 00:55:26.591+02:00 [WARN ] GAME_FAIL worker=2 n=37 after_ms=8 err=deposit A: deposit submission failed after retries
2026-09-26 00:55:27.192+02:00 [WARN ] GAME_FAIL worker=4 n=36 after_ms=17 err=deposit A: deposit submission failed after retries
2026-09-26 00:55:27.662+02:00 [WARN ] GAME_FAIL worker=5 n=37 after_ms=2025 err=deposit B: deposit submission failed after retries
2026-09-26 00:55:28.334+02:00 [WARN ] GAME_FAIL worker=1 n=36 after_ms=2044 err=deposit B: deposit submission failed after retries
2026-09-26 00:55:29.801+02:00 [WARN ] GAME_FAIL worker=7 n=37 after_ms=4062 err=create game: transaction submission failed after retries
2026-09-26 00:55:29.801+02:00 [WARN ] GAME_FAIL worker=0 n=37 after_ms=4031 err=create game: transaction submission failed after retries
2026-09-26 00:55:31.567+02:00 [WARN ] GAME_FAIL worker=3 n=38 after_ms=21 err=deposit A: deposit submission failed after retries
2026-09-26 00:55:31.572+02:00 [WARN ] GAME_FAIL worker=6 n=37 after_ms=2 err=deposit A: deposit submission failed after retries
2026-09-26 00:55:31.603+02:00 [WARN ] GAME_FAIL worker=2 n=38 after_ms=10 err=deposit A: deposit submission failed after retries
2026-09-26 00:55:32.234+02:00 [WARN ] GAME_FAIL worker=4 n=37 after_ms=38 err=deposit A: deposit submission failed after retries
2026-09-26 00:55:32.666+02:00 [WARN ] GAME_FAIL worker=5 n=38 after_ms=2 err=deposit A: deposit submission failed after retries
2026-09-26 00:55:33.358+02:00 [WARN ] GAME_FAIL worker=1 n=37 after_ms=23 err=deposit A: deposit submission failed after retries
2026-09-26 00:55:34.809+02:00 [WARN ] GAME_FAIL worker=7 n=38 after_ms=6 err=deposit A: deposit submission failed after retries
2026-09-26 00:55:34.818+02:00 [WARN ] GAME_FAIL worker=0 n=38 after_ms=15 err=deposit A: deposit submission failed after retries
2026-09-26 00:55:36.589+02:00 [WARN ] GAME_FAIL worker=6 n=38 after_ms=15 err=deposit A: deposit submission failed after retries
2026-09-26 00:55:36.590+02:00 [WARN ] GAME_FAIL worker=3 n=39 after_ms=21 err=deposit A: deposit submission failed after retries
2026-09-26 00:55:36.608+02:00 [WARN ] GAME_FAIL worker=2 n=39 after_ms=4 err=deposit A: deposit submission failed after retries
2026-09-26 00:55:37.249+02:00 [WARN ] GAME_FAIL worker=4 n=38 after_ms=9 err=deposit A: deposit submission failed after retries
2026-09-26 00:55:37.671+02:00 [WARN ] GAME_FAIL worker=5 n=39 after_ms=3 err=deposit A: deposit submission failed after retries
2026-09-26 00:55:38.360+02:00 [WARN ] GAME_FAIL worker=1 n=38 after_ms=0 err=deposit A: deposit submission failed after retries
2026-09-26 00:55:39.811+02:00 [WARN ] GAME_FAIL worker=7 n=39 after_ms=1 err=deposit A: deposit submission failed after retries
2026-09-26 00:55:39.824+02:00 [WARN ] GAME_FAIL worker=0 n=39 after_ms=6 err=deposit A: deposit submission failed after retries
2026-09-26 00:55:41.609+02:00 [WARN ] GAME_FAIL worker=3 n=40 after_ms=18 err=deposit A: deposit submission failed after retries
2026-09-26 00:55:41.609+02:00 [WARN ] GAME_FAIL worker=6 n=39 after_ms=18 err=deposit A: deposit submission failed after retries
2026-09-26 00:55:41.614+02:00 [WARN ] GAME_FAIL worker=2 n=40 after_ms=4 err=deposit A: deposit submission failed after retries
2026-09-26 00:55:42.296+02:00 [WARN ] GAME_FAIL worker=4 n=39 after_ms=42 err=deposit A: deposit submission failed after retries
2026-09-26 00:55:42.676+02:00 [WARN ] GAME_FAIL worker=5 n=40 after_ms=2 err=deposit A: deposit submission failed after retries
2026-09-26 00:55:43.388+02:00 [WARN ] GAME_FAIL worker=1 n=39 after_ms=27 err=deposit A: deposit submission failed after retries
2026-09-26 00:55:44.816+02:00 [WARN ] GAME_FAIL worker=7 n=40 after_ms=3 err=deposit A: deposit submission failed after retries
2026-09-26 00:55:44.828+02:00 [WARN ] GAME_FAIL worker=0 n=40 after_ms=2 err=deposit A: deposit submission failed after retries
2026-09-26 00:55:46.618+02:00 [WARN ] GAME_FAIL worker=6 n=40 after_ms=7 err=deposit A: deposit submission failed after retries
2026-09-26 00:55:46.618+02:00 [WARN ] GAME_FAIL worker=3 n=41 after_ms=7 err=deposit A: deposit submission failed after retries
2026-09-26 00:55:46.620+02:00 [WARN ] GAME_FAIL worker=2 n=41 after_ms=4 err=deposit A: deposit submission failed after retries
2026-09-26 00:55:47.316+02:00 [WARN ] GAME_FAIL worker=4 n=40 after_ms=10 err=deposit A: deposit submission failed after retries
2026-09-26 00:55:47.756+02:00 [WARN ] GAME_FAIL worker=5 n=41 after_ms=79 err=deposit A: deposit submission failed after retries
2026-09-26 00:55:48.424+02:00 [WARN ] GAME_FAIL worker=1 n=40 after_ms=34 err=deposit A: deposit submission failed after retries
2026-09-26 00:55:49.821+02:00 [WARN ] GAME_FAIL worker=7 n=41 after_ms=4 err=deposit A: deposit submission failed after retries
2026-09-26 00:55:49.839+02:00 [WARN ] GAME_FAIL worker=0 n=41 after_ms=10 err=deposit A: deposit submission failed after retries
2026-09-26 00:55:51.620+02:00 [WARN ] GAME_FAIL worker=3 n=42 after_ms=1 err=deposit A: deposit submission failed after retries
2026-09-26 00:55:51.621+02:00 [WARN ] GAME_FAIL worker=6 n=41 after_ms=1 err=deposit A: deposit submission failed after retries
2026-09-26 00:55:51.631+02:00 [WARN ] GAME_FAIL worker=2 n=42 after_ms=8 err=deposit A: deposit submission failed after retries
2026-09-26 00:55:52.380+02:00 [WARN ] GAME_FAIL worker=4 n=41 after_ms=62 err=deposit A: deposit submission failed after retries
2026-09-26 00:55:52.760+02:00 [WARN ] GAME_FAIL worker=5 n=42 after_ms=2 err=deposit A: deposit submission failed after retries
2026-09-26 00:55:53.427+02:00 [WARN ] GAME_FAIL worker=1 n=41 after_ms=2 err=deposit A: deposit submission failed after retries
2026-09-26 00:55:54.835+02:00 [WARN ] GAME_FAIL worker=7 n=42 after_ms=12 err=deposit A: deposit submission failed after retries
2026-09-26 00:55:54.847+02:00 [WARN ] GAME_FAIL worker=0 n=42 after_ms=7 err=deposit A: deposit submission failed after retries
2026-09-26 00:55:56.627+02:00 [WARN ] GAME_FAIL worker=3 n=43 after_ms=4 err=deposit A: deposit submission failed after retries
2026-09-26 00:55:56.632+02:00 [WARN ] GAME_FAIL worker=6 n=42 after_ms=9 err=deposit A: deposit submission failed after retries
2026-09-26 00:55:56.648+02:00 [WARN ] GAME_FAIL worker=2 n=43 after_ms=14 err=deposit A: deposit submission failed after retries
2026-09-26 00:55:57.387+02:00 [WARN ] GAME_FAIL worker=4 n=42 after_ms=5 err=deposit A: deposit submission failed after retries
2026-09-26 00:55:57.766+02:00 [WARN ] GAME_FAIL worker=5 n=43 after_ms=5 err=deposit A: deposit submission failed after retries
2026-09-26 00:55:58.435+02:00 [WARN ] GAME_FAIL worker=1 n=42 after_ms=6 err=deposit A: deposit submission failed after retries
2026-09-26 00:55:59.840+02:00 [WARN ] GAME_FAIL worker=7 n=43 after_ms=4 err=deposit A: deposit submission failed after retries
2026-09-26 00:55:59.850+02:00 [WARN ] GAME_FAIL worker=0 n=43 after_ms=1 err=deposit A: deposit submission failed after retries
2026-09-26 00:56:01.657+02:00 [WARN ] GAME_FAIL worker=3 n=44 after_ms=28 err=deposit A: deposit submission failed after retries
2026-09-26 00:56:01.658+02:00 [WARN ] GAME_FAIL worker=2 n=44 after_ms=9 err=deposit A: deposit submission failed after retries
2026-09-26 00:56:01.658+02:00 [WARN ] GAME_FAIL worker=6 n=43 after_ms=25 err=deposit A: deposit submission failed after retries
2026-09-26 00:56:02.392+02:00 [WARN ] GAME_FAIL worker=4 n=43 after_ms=5 err=deposit A: deposit submission failed after retries
2026-09-26 00:56:02.773+02:00 [WARN ] GAME_FAIL worker=5 n=44 after_ms=5 err=deposit A: deposit submission failed after retries
2026-09-26 00:56:03.440+02:00 [WARN ] GAME_FAIL worker=1 n=43 after_ms=4 err=deposit A: deposit submission failed after retries
2026-09-26 00:56:04.849+02:00 [WARN ] GAME_FAIL worker=7 n=44 after_ms=7 err=deposit A: deposit submission failed after retries
2026-09-26 00:56:04.860+02:00 [WARN ] GAME_FAIL worker=0 n=44 after_ms=9 err=deposit A: deposit submission failed after retries
2026-09-26 00:56:06.660+02:00 [WARN ] GAME_FAIL worker=3 n=45 after_ms=2 err=deposit A: deposit submission failed after retries
2026-09-26 00:56:06.664+02:00 [WARN ] GAME_FAIL worker=2 n=45 after_ms=4 err=deposit A: deposit submission failed after retries
2026-09-26 00:56:06.666+02:00 [WARN ] GAME_FAIL worker=6 n=44 after_ms=6 err=deposit A: deposit submission failed after retries
2026-09-26 00:56:07.398+02:00 [WARN ] GAME_FAIL worker=4 n=44 after_ms=3 err=deposit A: deposit submission failed after retries
2026-09-26 00:56:07.775+02:00 [WARN ] GAME_FAIL worker=5 n=45 after_ms=1 err=deposit A: deposit submission failed after retries
2026-09-26 00:56:08.451+02:00 [WARN ] GAME_FAIL worker=1 n=44 after_ms=9 err=deposit A: deposit submission failed after retries
2026-09-26 00:56:09.882+02:00 [WARN ] GAME_FAIL worker=0 n=45 after_ms=20 err=deposit A: deposit submission failed after retries
2026-09-26 00:56:09.884+02:00 [WARN ] GAME_FAIL worker=7 n=45 after_ms=32 err=deposit A: deposit submission failed after retries
2026-09-26 00:56:11.708+02:00 [WARN ] GAME_FAIL worker=2 n=46 after_ms=43 err=deposit A: deposit submission failed after retries
2026-09-26 00:56:11.714+02:00 [WARN ] GAME_FAIL worker=3 n=46 after_ms=51 err=deposit A: deposit submission failed after retries
2026-09-26 00:56:11.714+02:00 [WARN ] GAME_FAIL worker=6 n=45 after_ms=46 err=deposit A: deposit submission failed after retries
2026-09-26 00:56:12.402+02:00 [WARN ] GAME_FAIL worker=4 n=45 after_ms=2 err=deposit A: deposit submission failed after retries
2026-09-26 00:56:12.785+02:00 [WARN ] GAME_FAIL worker=5 n=46 after_ms=8 err=deposit A: deposit submission failed after retries
2026-09-26 00:56:13.455+02:00 [WARN ] GAME_FAIL worker=1 n=45 after_ms=1 err=deposit A: deposit submission failed after retries
2026-09-26 00:56:14.890+02:00 [WARN ] GAME_FAIL worker=0 n=46 after_ms=7 err=deposit A: deposit submission failed after retries
2026-09-26 00:56:14.890+02:00 [WARN ] GAME_FAIL worker=7 n=46 after_ms=5 err=deposit A: deposit submission failed after retries
2026-09-26 00:56:16.720+02:00 [WARN ] GAME_FAIL worker=2 n=47 after_ms=11 err=deposit A: deposit submission failed after retries
2026-09-26 00:56:16.721+02:00 [WARN ] GAME_FAIL worker=3 n=47 after_ms=4 err=deposit A: deposit submission failed after retries
2026-09-26 00:56:16.723+02:00 [WARN ] GAME_FAIL worker=6 n=46 after_ms=6 err=deposit A: deposit submission failed after retries
2026-09-26 00:56:17.407+02:00 [WARN ] GAME_FAIL worker=4 n=46 after_ms=5 err=deposit A: deposit submission failed after retries
2026-09-26 00:56:17.816+02:00 [WARN ] GAME_FAIL worker=5 n=47 after_ms=28 err=deposit A: deposit submission failed after retries
2026-09-26 00:56:18.458+02:00 [WARN ] GAME_FAIL worker=1 n=46 after_ms=2 err=deposit A: deposit submission failed after retries
2026-09-26 00:56:19.893+02:00 [WARN ] GAME_FAIL worker=7 n=47 after_ms=2 err=deposit A: deposit submission failed after retries
2026-09-26 00:56:19.893+02:00 [WARN ] GAME_FAIL worker=0 n=47 after_ms=2 err=deposit A: deposit submission failed after retries
2026-09-26 00:56:21.723+02:00 [WARN ] GAME_FAIL worker=3 n=48 after_ms=1 err=deposit A: deposit submission failed after retries
2026-09-26 00:56:21.723+02:00 [WARN ] GAME_FAIL worker=2 n=48 after_ms=1 err=deposit A: deposit submission failed after retries
2026-09-26 00:56:21.727+02:00 [WARN ] GAME_FAIL worker=6 n=47 after_ms=2 err=deposit A: deposit submission failed after retries
2026-09-26 00:56:22.412+02:00 [WARN ] GAME_FAIL worker=4 n=47 after_ms=3 err=deposit A: deposit submission failed after retries
2026-09-26 00:56:22.842+02:00 [WARN ] GAME_FAIL worker=5 n=48 after_ms=25 err=deposit A: deposit submission failed after retries
2026-09-26 00:56:23.462+02:00 [WARN ] GAME_FAIL worker=1 n=47 after_ms=1 err=deposit A: deposit submission failed after retries
2026-09-26 00:56:24.897+02:00 [WARN ] GAME_FAIL worker=0 n=48 after_ms=2 err=deposit A: deposit submission failed after retries
2026-09-26 00:56:24.898+02:00 [WARN ] GAME_FAIL worker=7 n=48 after_ms=3 err=deposit A: deposit submission failed after retries
2026-09-26 00:56:26.776+02:00 [WARN ] GAME_FAIL worker=3 n=49 after_ms=52 err=deposit A: deposit submission failed after retries
2026-09-26 00:56:26.781+02:00 [WARN ] GAME_FAIL worker=2 n=49 after_ms=57 err=deposit A: deposit submission failed after retries
2026-09-26 00:56:26.786+02:00 [WARN ] GAME_FAIL worker=6 n=48 after_ms=57 err=deposit A: deposit submission failed after retries
2026-09-26 00:56:27.420+02:00 [WARN ] GAME_FAIL worker=4 n=48 after_ms=7 err=deposit A: deposit submission failed after retries
2026-09-26 00:56:27.867+02:00 [WARN ] GAME_FAIL worker=5 n=49 after_ms=17 err=deposit A: deposit submission failed after retries
2026-09-26 00:56:28.468+02:00 [WARN ] GAME_FAIL worker=1 n=48 after_ms=5 err=deposit A: deposit submission failed after retries
2026-09-26 00:56:29.902+02:00 [WARN ] GAME_FAIL worker=0 n=49 after_ms=4 err=deposit A: deposit submission failed after retries
2026-09-26 00:56:29.907+02:00 [WARN ] GAME_FAIL worker=7 n=49 after_ms=7 err=deposit A: deposit submission failed after retries
2026-09-26 00:56:31.786+02:00 [WARN ] GAME_FAIL worker=3 n=50 after_ms=9 err=deposit A: deposit submission failed after retries
2026-09-26 00:56:31.797+02:00 [WARN ] GAME_FAIL worker=2 n=50 after_ms=14 err=deposit A: deposit submission failed after retries
2026-09-26 00:56:31.802+02:00 [WARN ] GAME_FAIL worker=6 n=49 after_ms=15 err=deposit A: deposit submission failed after retries
2026-09-26 00:56:32.423+02:00 [WARN ] GAME_FAIL worker=4 n=49 after_ms=2 err=deposit A: deposit submission failed after retries
2026-09-26 00:56:32.886+02:00 [WARN ] GAME_FAIL worker=5 n=50 after_ms=18 err=deposit A: deposit submission failed after retries
2026-09-26 00:56:33.476+02:00 [WARN ] GAME_FAIL worker=1 n=49 after_ms=6 err=deposit A: deposit submission failed after retries
2026-09-26 00:56:34.909+02:00 [WARN ] GAME_FAIL worker=0 n=50 after_ms=5 err=deposit A: deposit submission failed after retries
2026-09-26 00:56:34.914+02:00 [WARN ] GAME_FAIL worker=7 n=50 after_ms=4 err=deposit A: deposit submission failed after retries
2026-09-26 00:56:36.795+02:00 [WARN ] GAME_FAIL worker=3 n=51 after_ms=7 err=deposit A: deposit submission failed after retries
2026-09-26 00:56:36.824+02:00 [WARN ] GAME_FAIL worker=2 n=51 after_ms=26 err=deposit A: deposit submission failed after retries
2026-09-26 00:56:36.824+02:00 [WARN ] GAME_FAIL worker=6 n=50 after_ms=21 err=deposit A: deposit submission failed after retries
2026-09-26 00:56:37.429+02:00 [WARN ] GAME_FAIL worker=4 n=50 after_ms=5 err=deposit A: deposit submission failed after retries
2026-09-26 00:56:37.889+02:00 [WARN ] GAME_FAIL worker=5 n=51 after_ms=1 err=deposit A: deposit submission failed after retries
2026-09-26 00:56:38.487+02:00 [WARN ] GAME_FAIL worker=1 n=50 after_ms=8 err=deposit A: deposit submission failed after retries
2026-09-26 00:56:39.911+02:00 [WARN ] GAME_FAIL worker=0 n=51 after_ms=1 err=deposit A: deposit submission failed after retries
2026-09-26 00:56:39.915+02:00 [WARN ] GAME_FAIL worker=7 n=51 after_ms=0 err=deposit A: deposit submission failed after retries
2026-09-26 00:56:41.800+02:00 [WARN ] GAME_FAIL worker=3 n=52 after_ms=2 err=deposit A: deposit submission failed after retries
2026-09-26 00:56:41.827+02:00 [WARN ] GAME_FAIL worker=2 n=52 after_ms=1 err=deposit A: deposit submission failed after retries
2026-09-26 00:56:41.827+02:00 [WARN ] GAME_FAIL worker=6 n=51 after_ms=1 err=deposit A: deposit submission failed after retries
2026-09-26 00:56:42.433+02:00 [WARN ] GAME_FAIL worker=4 n=51 after_ms=3 err=deposit A: deposit submission failed after retries
2026-09-26 00:56:42.892+02:00 [WARN ] GAME_FAIL worker=5 n=52 after_ms=1 err=deposit A: deposit submission failed after retries
2026-09-26 00:56:43.491+02:00 [WARN ] GAME_FAIL worker=1 n=51 after_ms=3 err=deposit A: deposit submission failed after retries
2026-09-26 00:56:44.917+02:00 [WARN ] GAME_FAIL worker=0 n=52 after_ms=3 err=deposit A: deposit submission failed after retries
2026-09-26 00:56:44.919+02:00 [WARN ] GAME_FAIL worker=7 n=52 after_ms=2 err=deposit A: deposit submission failed after retries
2026-09-26 00:56:46.929+02:00 [WARN ] GAME_FAIL worker=2 n=53 after_ms=99 err=deposit A: deposit submission failed after retries
2026-09-26 00:56:46.930+02:00 [WARN ] GAME_FAIL worker=6 n=52 after_ms=100 err=deposit A: deposit submission failed after retries
2026-09-26 00:56:46.930+02:00 [WARN ] GAME_FAIL worker=3 n=53 after_ms=125 err=deposit A: deposit submission failed after retries
2026-09-26 00:56:47.575+02:00 [WARN ] GAME_FAIL worker=4 n=52 after_ms=141 err=deposit A: deposit submission failed after retries
2026-09-26 00:56:47.919+02:00 [WARN ] GAME_FAIL worker=5 n=53 after_ms=25 err=deposit A: deposit submission failed after retries
2026-09-26 00:56:48.498+02:00 [WARN ] GAME_FAIL worker=1 n=52 after_ms=6 err=deposit A: deposit submission failed after retries
2026-09-26 00:56:49.923+02:00 [WARN ] GAME_FAIL worker=0 n=53 after_ms=5 err=deposit A: deposit submission failed after retries
2026-09-26 00:56:49.925+02:00 [WARN ] GAME_FAIL worker=7 n=53 after_ms=5 err=deposit A: deposit submission failed after retries
2026-09-26 00:56:51.934+02:00 [WARN ] GAME_FAIL worker=6 n=53 after_ms=2 err=deposit A: deposit submission failed after retries
2026-09-26 00:56:51.934+02:00 [WARN ] GAME_FAIL worker=2 n=54 after_ms=2 err=deposit A: deposit submission failed after retries
2026-09-26 00:56:51.934+02:00 [WARN ] GAME_FAIL worker=3 n=54 after_ms=3 err=deposit A: deposit submission failed after retries
2026-09-26 00:56:52.582+02:00 [WARN ] GAME_FAIL worker=4 n=53 after_ms=5 err=deposit A: deposit submission failed after retries
2026-09-26 00:56:52.923+02:00 [WARN ] GAME_FAIL worker=5 n=54 after_ms=3 err=deposit A: deposit submission failed after retries
2026-09-26 00:56:53.506+02:00 [WARN ] GAME_FAIL worker=1 n=53 after_ms=6 err=deposit A: deposit submission failed after retries
2026-09-26 00:56:54.940+02:00 [WARN ] GAME_FAIL worker=7 n=54 after_ms=14 err=deposit A: deposit submission failed after retries
2026-09-26 00:56:54.940+02:00 [WARN ] GAME_FAIL worker=0 n=54 after_ms=15 err=deposit A: deposit submission failed after retries
2026-09-26 00:56:56.956+02:00 [WARN ] GAME_FAIL worker=3 n=55 after_ms=20 err=deposit A: deposit submission failed after retries
2026-09-26 00:56:56.959+02:00 [WARN ] GAME_FAIL worker=2 n=55 after_ms=23 err=deposit A: deposit submission failed after retries
2026-09-26 00:56:56.959+02:00 [WARN ] GAME_FAIL worker=6 n=54 after_ms=23 err=deposit A: deposit submission failed after retries
2026-09-26 00:56:57.594+02:00 [WARN ] GAME_FAIL worker=4 n=54 after_ms=10 err=deposit A: deposit submission failed after retries
2026-09-26 00:56:57.925+02:00 [WARN ] GAME_FAIL worker=5 n=55 after_ms=1 err=deposit A: deposit submission failed after retries
2026-09-26 00:56:58.512+02:00 [WARN ] GAME_FAIL worker=1 n=54 after_ms=5 err=deposit A: deposit submission failed after retries
2026-09-26 00:56:59.945+02:00 [WARN ] GAME_FAIL worker=7 n=55 after_ms=2 err=deposit A: deposit submission failed after retries
2026-09-26 00:56:59.947+02:00 [WARN ] GAME_FAIL worker=0 n=55 after_ms=4 err=deposit A: deposit submission failed after retries
2026-09-26 00:57:01.985+02:00 [WARN ] GAME_FAIL worker=3 n=56 after_ms=26 err=deposit A: deposit submission failed after retries
2026-09-26 00:57:01.985+02:00 [WARN ] GAME_FAIL worker=6 n=55 after_ms=25 err=deposit A: deposit submission failed after retries
2026-09-26 00:57:01.985+02:00 [WARN ] GAME_FAIL worker=2 n=56 after_ms=25 err=deposit A: deposit submission failed after retries
2026-09-26 00:57:02.616+02:00 [WARN ] GAME_FAIL worker=4 n=55 after_ms=20 err=deposit A: deposit submission failed after retries
2026-09-26 00:57:02.928+02:00 [WARN ] GAME_FAIL worker=5 n=56 after_ms=1 err=deposit A: deposit submission failed after retries
2026-09-26 00:57:03.528+02:00 [WARN ] GAME_FAIL worker=1 n=55 after_ms=15 err=deposit A: deposit submission failed after retries
2026-09-26 00:57:04.948+02:00 [WARN ] GAME_FAIL worker=7 n=56 after_ms=1 err=deposit A: deposit submission failed after retries
2026-09-26 00:57:04.949+02:00 [WARN ] GAME_FAIL worker=0 n=56 after_ms=0 err=deposit A: deposit submission failed after retries
2026-09-26 00:57:06.989+02:00 [WARN ] GAME_FAIL worker=6 n=56 after_ms=2 err=deposit A: deposit submission failed after retries
2026-09-26 00:57:06.989+02:00 [WARN ] GAME_FAIL worker=3 n=57 after_ms=3 err=deposit A: deposit submission failed after retries
2026-09-26 00:57:06.990+02:00 [WARN ] GAME_FAIL worker=2 n=57 after_ms=3 err=deposit A: deposit submission failed after retries
2026-09-26 00:57:07.621+02:00 [WARN ] GAME_FAIL worker=4 n=56 after_ms=4 err=deposit A: deposit submission failed after retries
2026-09-26 00:57:07.941+02:00 [WARN ] GAME_FAIL worker=5 n=57 after_ms=11 err=deposit A: deposit submission failed after retries
2026-09-26 00:57:08.535+02:00 [WARN ] GAME_FAIL worker=1 n=56 after_ms=5 err=deposit A: deposit submission failed after retries
2026-09-26 00:57:09.955+02:00 [WARN ] GAME_FAIL worker=0 n=57 after_ms=4 err=deposit A: deposit submission failed after retries
2026-09-26 00:57:09.955+02:00 [WARN ] GAME_FAIL worker=7 n=57 after_ms=5 err=deposit A: deposit submission failed after retries
2026-09-26 00:57:12.005+02:00 [WARN ] GAME_FAIL worker=3 n=58 after_ms=13 err=deposit A: deposit submission failed after retries
2026-09-26 00:57:12.005+02:00 [WARN ] GAME_FAIL worker=2 n=58 after_ms=14 err=deposit A: deposit submission failed after retries
2026-09-26 00:57:12.014+02:00 [WARN ] GAME_FAIL worker=6 n=57 after_ms=22 err=deposit A: deposit submission failed after retries
2026-09-26 00:57:12.624+02:00 [WARN ] GAME_FAIL worker=4 n=57 after_ms=1 err=deposit A: deposit submission failed after retries
2026-09-26 00:57:12.987+02:00 [WARN ] GAME_FAIL worker=5 n=58 after_ms=44 err=deposit A: deposit submission failed after retries
2026-09-26 00:57:13.543+02:00 [WARN ] GAME_FAIL worker=1 n=57 after_ms=7 err=deposit A: deposit submission failed after retries
2026-09-26 00:57:14.960+02:00 [WARN ] GAME_FAIL worker=7 n=58 after_ms=4 err=deposit A: deposit submission failed after retries
2026-09-26 00:57:14.961+02:00 [WARN ] GAME_FAIL worker=0 n=58 after_ms=5 err=deposit A: deposit submission failed after retries
2026-09-26 00:57:17.009+02:00 [WARN ] GAME_FAIL worker=2 n=59 after_ms=3 err=deposit A: deposit submission failed after retries
2026-09-26 00:57:17.009+02:00 [WARN ] GAME_FAIL worker=3 n=59 after_ms=2 err=deposit A: deposit submission failed after retries
2026-09-26 00:57:17.017+02:00 [WARN ] GAME_FAIL worker=6 n=58 after_ms=2 err=deposit A: deposit submission failed after retries
2026-09-26 00:57:17.638+02:00 [WARN ] GAME_FAIL worker=4 n=58 after_ms=12 err=deposit A: deposit submission failed after retries
2026-09-26 00:57:17.994+02:00 [WARN ] GAME_FAIL worker=5 n=59 after_ms=6 err=deposit A: deposit submission failed after retries
2026-09-26 00:57:18.565+02:00 [WARN ] GAME_FAIL worker=1 n=58 after_ms=20 err=deposit A: deposit submission failed after retries
2026-09-26 00:57:20.022+02:00 [WARN ] GAME_FAIL worker=0 n=59 after_ms=60 err=deposit A: deposit submission failed after retries
2026-09-26 00:57:20.022+02:00 [WARN ] GAME_FAIL worker=7 n=59 after_ms=61 err=deposit A: deposit submission failed after retries
2026-09-26 00:57:22.017+02:00 [WARN ] GAME_FAIL worker=2 n=60 after_ms=7 err=deposit A: deposit submission failed after retries
2026-09-26 00:57:22.018+02:00 [WARN ] GAME_FAIL worker=3 n=60 after_ms=7 err=deposit A: deposit submission failed after retries
2026-09-26 00:57:22.020+02:00 [WARN ] GAME_FAIL worker=6 n=59 after_ms=2 err=deposit A: deposit submission failed after retries
2026-09-26 00:57:22.764+02:00 [WARN ] GAME_FAIL worker=4 n=59 after_ms=124 err=deposit A: deposit submission failed after retries
2026-09-26 00:57:23.003+02:00 [WARN ] GAME_FAIL worker=5 n=60 after_ms=8 err=deposit A: deposit submission failed after retries
2026-09-26 00:57:23.678+02:00 [WARN ] GAME_FAIL worker=1 n=59 after_ms=112 err=deposit A: deposit submission failed after retries
2026-09-26 00:57:25.027+02:00 [WARN ] GAME_FAIL worker=7 n=60 after_ms=4 err=deposit A: deposit submission failed after retries
2026-09-26 00:57:25.028+02:00 [WARN ] GAME_FAIL worker=0 n=60 after_ms=4 err=deposit A: deposit submission failed after retries
2026-09-26 00:57:27.023+02:00 [WARN ] GAME_FAIL worker=3 n=61 after_ms=3 err=deposit A: deposit submission failed after retries
2026-09-26 00:57:27.023+02:00 [WARN ] GAME_FAIL worker=2 n=61 after_ms=4 err=deposit A: deposit submission failed after retries
2026-09-26 00:57:27.028+02:00 [WARN ] GAME_FAIL worker=6 n=60 after_ms=6 err=deposit A: deposit submission failed after retries
2026-09-26 00:57:27.781+02:00 [WARN ] GAME_FAIL worker=4 n=60 after_ms=13 err=deposit A: deposit submission failed after retries
2026-09-26 00:57:28.011+02:00 [WARN ] GAME_FAIL worker=5 n=61 after_ms=5 err=deposit A: deposit submission failed after retries
2026-09-26 00:57:28.681+02:00 [WARN ] GAME_FAIL worker=1 n=60 after_ms=2 err=deposit A: deposit submission failed after retries
2026-09-26 00:57:30.044+02:00 [WARN ] GAME_FAIL worker=7 n=61 after_ms=14 err=deposit A: deposit submission failed after retries
2026-09-26 00:57:30.044+02:00 [WARN ] GAME_FAIL worker=0 n=61 after_ms=15 err=deposit A: deposit submission failed after retries
2026-09-26 00:57:32.037+02:00 [WARN ] GAME_FAIL worker=6 n=61 after_ms=6 err=deposit A: deposit submission failed after retries
2026-09-26 00:57:32.037+02:00 [WARN ] GAME_FAIL worker=2 n=62 after_ms=12 err=deposit A: deposit submission failed after retries
2026-09-26 00:57:32.038+02:00 [WARN ] GAME_FAIL worker=3 n=62 after_ms=13 err=deposit A: deposit submission failed after retries
2026-09-26 00:57:32.793+02:00 [WARN ] GAME_FAIL worker=4 n=61 after_ms=10 err=deposit A: deposit submission failed after retries
2026-09-26 00:57:33.021+02:00 [WARN ] GAME_FAIL worker=5 n=62 after_ms=8 err=deposit A: deposit submission failed after retries
2026-09-26 00:57:33.687+02:00 [WARN ] GAME_FAIL worker=1 n=61 after_ms=3 err=deposit A: deposit submission failed after retries
2026-09-26 00:57:35.048+02:00 [WARN ] GAME_FAIL worker=7 n=62 after_ms=3 err=deposit A: deposit submission failed after retries
2026-09-26 00:57:35.048+02:00 [WARN ] GAME_FAIL worker=0 n=62 after_ms=3 err=deposit A: deposit submission failed after retries
2026-09-26 00:57:37.041+02:00 [WARN ] GAME_FAIL worker=6 n=62 after_ms=3 err=deposit A: deposit submission failed after retries
2026-09-26 00:57:37.041+02:00 [WARN ] GAME_FAIL worker=3 n=63 after_ms=2 err=deposit A: deposit submission failed after retries
2026-09-26 00:57:37.041+02:00 [WARN ] GAME_FAIL worker=2 n=63 after_ms=3 err=deposit A: deposit submission failed after retries
2026-09-26 00:57:37.796+02:00 [WARN ] GAME_FAIL worker=4 n=62 after_ms=1 err=deposit A: deposit submission failed after retries
2026-09-26 00:57:38.024+02:00 [WARN ] GAME_FAIL worker=5 n=63 after_ms=2 err=deposit A: deposit submission failed after retries
2026-09-26 00:57:38.691+02:00 [WARN ] GAME_FAIL worker=1 n=62 after_ms=3 err=deposit A: deposit submission failed after retries
2026-09-26 00:57:40.051+02:00 [WARN ] GAME_FAIL worker=7 n=63 after_ms=1 err=deposit A: deposit submission failed after retries
2026-09-26 00:57:40.051+02:00 [WARN ] GAME_FAIL worker=0 n=63 after_ms=1 err=deposit A: deposit submission failed after retries
2026-09-26 00:57:42.044+02:00 [WARN ] GAME_FAIL worker=2 n=64 after_ms=2 err=deposit A: deposit submission failed after retries
2026-09-26 00:57:42.045+02:00 [WARN ] GAME_FAIL worker=6 n=63 after_ms=3 err=deposit A: deposit submission failed after retries
2026-09-26 00:57:42.045+02:00 [WARN ] GAME_FAIL worker=3 n=64 after_ms=3 err=deposit A: deposit submission failed after retries
2026-09-26 00:57:42.802+02:00 [WARN ] GAME_FAIL worker=4 n=63 after_ms=4 err=deposit A: deposit submission failed after retries
2026-09-26 00:57:43.028+02:00 [WARN ] GAME_FAIL worker=5 n=64 after_ms=2 err=deposit A: deposit submission failed after retries
2026-09-26 00:57:43.698+02:00 [WARN ] GAME_FAIL worker=1 n=63 after_ms=4 err=deposit A: deposit submission failed after retries
2026-09-26 00:57:45.055+02:00 [WARN ] GAME_FAIL worker=7 n=64 after_ms=1 err=deposit A: deposit submission failed after retries
2026-09-26 00:57:45.055+02:00 [WARN ] GAME_FAIL worker=0 n=64 after_ms=1 err=deposit A: deposit submission failed after retries
2026-09-26 00:57:47.048+02:00 [WARN ] GAME_FAIL worker=6 n=64 after_ms=2 err=deposit A: deposit submission failed after retries
2026-09-26 00:57:47.048+02:00 [WARN ] GAME_FAIL worker=2 n=65 after_ms=2 err=deposit A: deposit submission failed after retries
2026-09-26 00:57:47.049+02:00 [WARN ] GAME_FAIL worker=3 n=65 after_ms=2 err=deposit A: deposit submission failed after retries
2026-09-26 00:57:47.809+02:00 [WARN ] GAME_FAIL worker=4 n=64 after_ms=6 err=deposit A: deposit submission failed after retries
2026-09-26 00:57:48.032+02:00 [WARN ] GAME_FAIL worker=5 n=65 after_ms=3 err=deposit A: deposit submission failed after retries
2026-09-26 00:57:48.704+02:00 [WARN ] GAME_FAIL worker=1 n=64 after_ms=4 err=deposit A: deposit submission failed after retries
2026-09-26 00:57:50.059+02:00 [WARN ] GAME_FAIL worker=7 n=65 after_ms=2 err=deposit A: deposit submission failed after retries
2026-09-26 00:57:50.060+02:00 [WARN ] GAME_FAIL worker=0 n=65 after_ms=3 err=deposit A: deposit submission failed after retries
2026-09-26 00:57:52.054+02:00 [WARN ] GAME_FAIL worker=3 n=66 after_ms=2 err=deposit A: deposit submission failed after retries
2026-09-26 00:57:52.054+02:00 [WARN ] GAME_FAIL worker=6 n=65 after_ms=2 err=deposit A: deposit submission failed after retries
2026-09-26 00:57:52.054+02:00 [WARN ] GAME_FAIL worker=2 n=66 after_ms=2 err=deposit A: deposit submission failed after retries
2026-09-26 00:57:52.814+02:00 [WARN ] GAME_FAIL worker=4 n=65 after_ms=4 err=deposit A: deposit submission failed after retries
2026-09-26 00:57:53.035+02:00 [WARN ] GAME_FAIL worker=5 n=66 after_ms=2 err=deposit A: deposit submission failed after retries
2026-09-26 00:57:53.716+02:00 [WARN ] GAME_FAIL worker=1 n=65 after_ms=10 err=deposit A: deposit submission failed after retries
2026-09-26 00:57:55.077+02:00 [WARN ] GAME_FAIL worker=0 n=66 after_ms=9 err=deposit A: deposit submission failed after retries
2026-09-26 00:57:55.077+02:00 [WARN ] GAME_FAIL worker=7 n=66 after_ms=9 err=deposit A: deposit submission failed after retries
2026-09-26 00:57:57.057+02:00 [WARN ] GAME_FAIL worker=2 n=67 after_ms=1 err=deposit A: deposit submission failed after retries
2026-09-26 00:57:57.057+02:00 [WARN ] GAME_FAIL worker=3 n=67 after_ms=2 err=deposit A: deposit submission failed after retries
2026-09-26 00:57:57.065+02:00 [WARN ] GAME_FAIL worker=6 n=66 after_ms=9 err=deposit A: deposit submission failed after retries
2026-09-26 00:57:57.818+02:00 [WARN ] GAME_FAIL worker=4 n=66 after_ms=2 err=deposit A: deposit submission failed after retries
2026-09-26 00:57:58.067+02:00 [WARN ] GAME_FAIL worker=5 n=67 after_ms=31 err=deposit A: deposit submission failed after retries
2026-09-26 00:57:58.719+02:00 [WARN ] GAME_FAIL worker=1 n=66 after_ms=2 err=deposit A: deposit submission failed after retries
2026-09-26 00:58:00.080+02:00 [WARN ] GAME_FAIL worker=0 n=67 after_ms=1 err=deposit A: deposit submission failed after retries
2026-09-26 00:58:00.083+02:00 [WARN ] GAME_FAIL worker=7 n=67 after_ms=5 err=deposit A: deposit submission failed after retries
2026-09-26 00:58:02.062+02:00 [WARN ] GAME_FAIL worker=3 n=68 after_ms=2 err=deposit A: deposit submission failed after retries
2026-09-26 00:58:02.062+02:00 [WARN ] GAME_FAIL worker=2 n=68 after_ms=3 err=deposit A: deposit submission failed after retries
2026-09-26 00:58:02.067+02:00 [WARN ] GAME_FAIL worker=6 n=67 after_ms=1 err=deposit A: deposit submission failed after retries
2026-09-26 00:58:02.826+02:00 [WARN ] GAME_FAIL worker=4 n=67 after_ms=7 err=deposit A: deposit submission failed after retries
2026-09-26 00:58:03.071+02:00 [WARN ] GAME_FAIL worker=5 n=68 after_ms=2 err=deposit A: deposit submission failed after retries
2026-09-26 00:58:03.723+02:00 [WARN ] GAME_FAIL worker=1 n=67 after_ms=2 err=deposit A: deposit submission failed after retries
2026-09-26 00:58:05.082+02:00 [WARN ] GAME_FAIL worker=0 n=68 after_ms=1 err=deposit A: deposit submission failed after retries
2026-09-26 00:58:05.085+02:00 [WARN ] GAME_FAIL worker=7 n=68 after_ms=0 err=deposit A: deposit submission failed after retries
2026-09-26 00:58:07.068+02:00 [WARN ] GAME_FAIL worker=3 n=69 after_ms=4 err=deposit A: deposit submission failed after retries
2026-09-26 00:58:07.068+02:00 [WARN ] GAME_FAIL worker=2 n=69 after_ms=4 err=deposit A: deposit submission failed after retries
2026-09-26 00:58:07.069+02:00 [WARN ] GAME_FAIL worker=6 n=68 after_ms=0 err=deposit A: deposit submission failed after retries
2026-09-26 00:58:07.829+02:00 [WARN ] GAME_FAIL worker=4 n=68 after_ms=1 err=deposit A: deposit submission failed after retries
2026-09-26 00:58:08.073+02:00 [WARN ] GAME_FAIL worker=5 n=69 after_ms=1 err=deposit A: deposit submission failed after retries
2026-09-26 00:58:08.730+02:00 [WARN ] GAME_FAIL worker=1 n=68 after_ms=5 err=deposit A: deposit submission failed after retries
2026-09-26 00:58:10.088+02:00 [WARN ] GAME_FAIL worker=0 n=69 after_ms=4 err=deposit A: deposit submission failed after retries
2026-09-26 00:58:10.088+02:00 [WARN ] GAME_FAIL worker=7 n=69 after_ms=2 err=deposit A: deposit submission failed after retries
2026-09-26 00:58:12.072+02:00 [WARN ] GAME_FAIL worker=3 n=70 after_ms=3 err=deposit A: deposit submission failed after retries
2026-09-26 00:58:12.078+02:00 [WARN ] GAME_FAIL worker=2 n=70 after_ms=10 err=deposit A: deposit submission failed after retries
2026-09-26 00:58:12.100+02:00 [WARN ] GAME_FAIL worker=6 n=69 after_ms=30 err=deposit A: deposit submission failed after retries
2026-09-26 00:58:12.831+02:00 [WARN ] GAME_FAIL worker=4 n=69 after_ms=1 err=deposit A: deposit submission failed after retries
2026-09-26 00:58:13.079+02:00 [WARN ] GAME_FAIL worker=5 n=70 after_ms=5 err=deposit A: deposit submission failed after retries
2026-09-26 00:58:13.738+02:00 [WARN ] GAME_FAIL worker=1 n=69 after_ms=6 err=deposit A: deposit submission failed after retries
2026-09-26 00:58:15.092+02:00 [WARN ] GAME_FAIL worker=7 n=70 after_ms=2 err=deposit A: deposit submission failed after retries
2026-09-26 00:58:15.092+02:00 [WARN ] GAME_FAIL worker=0 n=70 after_ms=1 err=deposit A: deposit submission failed after retries
2026-09-26 00:58:17.081+02:00 [WARN ] GAME_FAIL worker=2 n=71 after_ms=1 err=deposit A: deposit submission failed after retries
2026-09-26 00:58:17.082+02:00 [WARN ] GAME_FAIL worker=3 n=71 after_ms=8 err=deposit A: deposit submission failed after retries
2026-09-26 00:58:17.108+02:00 [WARN ] GAME_FAIL worker=6 n=70 after_ms=7 err=deposit A: deposit submission failed after retries
2026-09-26 00:58:17.833+02:00 [WARN ] GAME_FAIL worker=4 n=70 after_ms=1 err=deposit A: deposit submission failed after retries
2026-09-26 00:58:18.082+02:00 [WARN ] GAME_FAIL worker=5 n=71 after_ms=2 err=deposit A: deposit submission failed after retries
2026-09-26 00:58:18.739+02:00 [WARN ] GAME_FAIL worker=1 n=70 after_ms=0 err=deposit A: deposit submission failed after retries
2026-09-26 00:58:20.095+02:00 [WARN ] GAME_FAIL worker=0 n=71 after_ms=1 err=deposit A: deposit submission failed after retries
2026-09-26 00:58:20.095+02:00 [WARN ] GAME_FAIL worker=7 n=71 after_ms=1 err=deposit A: deposit submission failed after retries
2026-09-26 00:58:22.084+02:00 [WARN ] GAME_FAIL worker=3 n=72 after_ms=1 err=deposit A: deposit submission failed after retries
2026-09-26 00:58:22.084+02:00 [WARN ] GAME_FAIL worker=2 n=72 after_ms=1 err=deposit A: deposit submission failed after retries
2026-09-26 00:58:22.143+02:00 [WARN ] GAME_FAIL worker=6 n=71 after_ms=32 err=deposit A: deposit submission failed after retries
2026-09-26 00:58:22.835+02:00 [WARN ] GAME_FAIL worker=4 n=71 after_ms=1 err=deposit A: deposit submission failed after retries
2026-09-26 00:58:23.084+02:00 [WARN ] GAME_FAIL worker=5 n=72 after_ms=1 err=deposit A: deposit submission failed after retries
2026-09-26 00:58:23.746+02:00 [WARN ] GAME_FAIL worker=1 n=71 after_ms=4 err=deposit A: deposit submission failed after retries
2026-09-26 00:58:25.098+02:00 [WARN ] GAME_FAIL worker=0 n=72 after_ms=2 err=deposit A: deposit submission failed after retries
2026-09-26 00:58:25.099+02:00 [WARN ] GAME_FAIL worker=7 n=72 after_ms=2 err=deposit A: deposit submission failed after retries
2026-09-26 00:58:27.114+02:00 [WARN ] GAME_FAIL worker=2 n=73 after_ms=29 err=deposit A: deposit submission failed after retries
2026-09-26 00:58:27.115+02:00 [WARN ] GAME_FAIL worker=3 n=73 after_ms=30 err=deposit A: deposit submission failed after retries
2026-09-26 00:58:27.145+02:00 [WARN ] GAME_FAIL worker=6 n=72 after_ms=1 err=deposit A: deposit submission failed after retries
2026-09-26 00:58:27.840+02:00 [WARN ] GAME_FAIL worker=4 n=72 after_ms=4 err=deposit A: deposit submission failed after retries
2026-09-26 00:58:28.151+02:00 [WARN ] GAME_FAIL worker=5 n=73 after_ms=66 err=deposit A: deposit submission failed after retries
2026-09-26 00:58:28.749+02:00 [WARN ] GAME_FAIL worker=1 n=72 after_ms=0 err=deposit A: deposit submission failed after retries
2026-09-26 00:58:30.101+02:00 [WARN ] GAME_FAIL worker=7 n=73 after_ms=0 err=deposit A: deposit submission failed after retries
2026-09-26 00:58:30.103+02:00 [WARN ] GAME_FAIL worker=0 n=73 after_ms=3 err=deposit A: deposit submission failed after retries
2026-09-26 00:58:32.117+02:00 [WARN ] GAME_FAIL worker=2 n=74 after_ms=2 err=deposit A: deposit submission failed after retries
2026-09-26 00:58:32.118+02:00 [WARN ] GAME_FAIL worker=3 n=74 after_ms=1 err=deposit A: deposit submission failed after retries
2026-09-26 00:58:32.176+02:00 [WARN ] GAME_FAIL worker=6 n=73 after_ms=30 err=deposit A: deposit submission failed after retries
2026-09-26 00:58:32.876+02:00 [WARN ] GAME_FAIL worker=4 n=73 after_ms=35 err=deposit A: deposit submission failed after retries
2026-09-26 00:58:33.157+02:00 [WARN ] GAME_FAIL worker=5 n=74 after_ms=4 err=deposit A: deposit submission failed after retries
2026-09-26 00:58:33.752+02:00 [WARN ] GAME_FAIL worker=1 n=73 after_ms=1 err=deposit A: deposit submission failed after retries
2026-09-26 00:58:35.117+02:00 [WARN ] GAME_FAIL worker=0 n=74 after_ms=11 err=deposit A: deposit submission failed after retries
2026-09-26 00:58:35.117+02:00 [WARN ] GAME_FAIL worker=7 n=74 after_ms=14 err=deposit A: deposit submission failed after retries
2026-09-26 00:58:37.195+02:00 [WARN ] GAME_FAIL worker=3 n=75 after_ms=74 err=deposit A: deposit submission failed after retries
2026-09-26 00:58:37.196+02:00 [WARN ] GAME_FAIL worker=2 n=75 after_ms=74 err=deposit A: deposit submission failed after retries
2026-09-26 00:58:37.197+02:00 [WARN ] GAME_FAIL worker=6 n=74 after_ms=19 err=deposit A: deposit submission failed after retries
2026-09-26 00:58:37.880+02:00 [WARN ] GAME_FAIL worker=4 n=74 after_ms=2 err=deposit A: deposit submission failed after retries
2026-09-26 00:58:38.161+02:00 [WARN ] GAME_FAIL worker=5 n=75 after_ms=1 err=deposit A: deposit submission failed after retries
2026-09-26 00:58:38.758+02:00 [WARN ] GAME_FAIL worker=1 n=74 after_ms=5 err=deposit A: deposit submission failed after retries
2026-09-26 00:58:40.129+02:00 [WARN ] GAME_FAIL worker=7 n=75 after_ms=10 err=deposit A: deposit submission failed after retries
2026-09-26 00:58:40.129+02:00 [WARN ] GAME_FAIL worker=0 n=75 after_ms=10 err=deposit A: deposit submission failed after retries
2026-09-26 00:58:42.197+02:00 [WARN ] GAME_FAIL worker=2 n=76 after_ms=1 err=deposit A: deposit submission failed after retries
2026-09-26 00:58:42.197+02:00 [WARN ] GAME_FAIL worker=3 n=76 after_ms=1 err=deposit A: deposit submission failed after retries
2026-09-26 00:58:42.201+02:00 [WARN ] GAME_FAIL worker=6 n=75 after_ms=1 err=deposit A: deposit submission failed after retries
2026-09-26 00:58:42.893+02:00 [WARN ] GAME_FAIL worker=4 n=75 after_ms=12 err=deposit A: deposit submission failed after retries
2026-09-26 00:58:43.162+02:00 [WARN ] GAME_FAIL worker=5 n=76 after_ms=1 err=deposit A: deposit submission failed after retries
2026-09-26 00:58:43.760+02:00 [WARN ] GAME_FAIL worker=1 n=75 after_ms=0 err=deposit A: deposit submission failed after retries
2026-09-26 00:58:45.135+02:00 [WARN ] GAME_FAIL worker=0 n=76 after_ms=5 err=deposit A: deposit submission failed after retries
2026-09-26 00:58:45.135+02:00 [WARN ] GAME_FAIL worker=7 n=76 after_ms=5 err=deposit A: deposit submission failed after retries
2026-09-26 00:58:47.200+02:00 [WARN ] GAME_FAIL worker=2 n=77 after_ms=0 err=deposit A: deposit submission failed after retries
2026-09-26 00:58:47.200+02:00 [WARN ] GAME_FAIL worker=3 n=77 after_ms=1 err=deposit A: deposit submission failed after retries
2026-09-26 00:58:47.202+02:00 [WARN ] GAME_FAIL worker=6 n=76 after_ms=1 err=deposit A: deposit submission failed after retries
2026-09-26 00:58:47.894+02:00 [WARN ] GAME_FAIL worker=4 n=76 after_ms=0 err=deposit A: deposit submission failed after retries
2026-09-26 00:58:48.165+02:00 [WARN ] GAME_FAIL worker=5 n=77 after_ms=1 err=deposit A: deposit submission failed after retries
2026-09-26 00:58:48.763+02:00 [WARN ] GAME_FAIL worker=1 n=76 after_ms=2 err=deposit A: deposit submission failed after retries
2026-09-26 00:58:50.138+02:00 [WARN ] GAME_FAIL worker=7 n=77 after_ms=0 err=deposit A: deposit submission failed after retries
2026-09-26 00:58:50.138+02:00 [WARN ] GAME_FAIL worker=0 n=77 after_ms=1 err=deposit A: deposit submission failed after retries
2026-09-26 00:58:52.202+02:00 [WARN ] GAME_FAIL worker=2 n=78 after_ms=1 err=deposit A: deposit submission failed after retries
2026-09-26 00:58:52.202+02:00 [WARN ] GAME_FAIL worker=3 n=78 after_ms=0 err=deposit A: deposit submission failed after retries
2026-09-26 00:58:52.205+02:00 [WARN ] GAME_FAIL worker=6 n=77 after_ms=0 err=deposit A: deposit submission failed after retries
2026-09-26 00:58:52.915+02:00 [WARN ] GAME_FAIL worker=4 n=77 after_ms=17 err=deposit A: deposit submission failed after retries
2026-09-26 00:58:53.166+02:00 [WARN ] GAME_FAIL worker=5 n=78 after_ms=0 err=deposit A: deposit submission failed after retries
2026-09-26 00:58:53.766+02:00 [WARN ] GAME_FAIL worker=1 n=77 after_ms=1 err=deposit A: deposit submission failed after retries
2026-09-26 00:58:55.148+02:00 [WARN ] GAME_FAIL worker=0 n=78 after_ms=9 err=deposit A: deposit submission failed after retries
2026-09-26 00:58:55.149+02:00 [WARN ] GAME_FAIL worker=7 n=78 after_ms=10 err=deposit A: deposit submission failed after retries
2026-09-26 00:58:57.204+02:00 [WARN ] GAME_FAIL worker=3 n=79 after_ms=1 err=deposit A: deposit submission failed after retries
2026-09-26 00:58:57.204+02:00 [WARN ] GAME_FAIL worker=2 n=79 after_ms=1 err=deposit A: deposit submission failed after retries
2026-09-26 00:58:57.207+02:00 [WARN ] GAME_FAIL worker=6 n=78 after_ms=0 err=deposit A: deposit submission failed after retries
2026-09-26 00:58:57.917+02:00 [WARN ] GAME_FAIL worker=4 n=78 after_ms=2 err=deposit A: deposit submission failed after retries
2026-09-26 00:58:58.169+02:00 [WARN ] GAME_FAIL worker=5 n=79 after_ms=1 err=deposit A: deposit submission failed after retries
2026-09-26 00:58:58.771+02:00 [WARN ] GAME_FAIL worker=1 n=78 after_ms=4 err=deposit A: deposit submission failed after retries
2026-09-26 00:59:00.150+02:00 [WARN ] GAME_FAIL worker=7 n=79 after_ms=1 err=deposit A: deposit submission failed after retries
2026-09-26 00:59:00.151+02:00 [WARN ] GAME_FAIL worker=0 n=79 after_ms=1 err=deposit A: deposit submission failed after retries
2026-09-26 00:59:02.205+02:00 [WARN ] GAME_FAIL worker=3 n=80 after_ms=0 err=deposit A: deposit submission failed after retries
2026-09-26 00:59:02.205+02:00 [WARN ] GAME_FAIL worker=2 n=80 after_ms=0 err=deposit A: deposit submission failed after retries
2026-09-26 00:59:02.208+02:00 [WARN ] GAME_FAIL worker=6 n=79 after_ms=1 err=deposit A: deposit submission failed after retries
2026-09-26 00:59:02.921+02:00 [WARN ] GAME_FAIL worker=4 n=79 after_ms=1 err=deposit A: deposit submission failed after retries
2026-09-26 00:59:03.171+02:00 [WARN ] GAME_FAIL worker=5 n=80 after_ms=1 err=deposit A: deposit submission failed after retries
2026-09-26 00:59:03.774+02:00 [WARN ] GAME_FAIL worker=1 n=79 after_ms=1 err=deposit A: deposit submission failed after retries
2026-09-26 00:59:05.152+02:00 [WARN ] GAME_FAIL worker=7 n=80 after_ms=0 err=deposit A: deposit submission failed after retries
2026-09-26 00:59:05.152+02:00 [WARN ] GAME_FAIL worker=0 n=80 after_ms=1 err=deposit A: deposit submission failed after retries
2026-09-26 00:59:07.207+02:00 [WARN ] GAME_FAIL worker=2 n=81 after_ms=1 err=deposit A: deposit submission failed after retries
2026-09-26 00:59:07.207+02:00 [WARN ] GAME_FAIL worker=3 n=81 after_ms=1 err=deposit A: deposit submission failed after retries
2026-09-26 00:59:07.210+02:00 [WARN ] GAME_FAIL worker=6 n=80 after_ms=0 err=deposit A: deposit submission failed after retries
2026-09-26 00:59:07.924+02:00 [WARN ] GAME_FAIL worker=4 n=80 after_ms=1 err=deposit A: deposit submission failed after retries
2026-09-26 00:59:08.174+02:00 [WARN ] GAME_FAIL worker=5 n=81 after_ms=0 err=deposit A: deposit submission failed after retries
2026-09-26 00:59:08.775+02:00 [WARN ] GAME_FAIL worker=1 n=80 after_ms=0 err=deposit A: deposit submission failed after retries
2026-09-26 00:59:10.154+02:00 [WARN ] GAME_FAIL worker=7 n=81 after_ms=0 err=deposit A: deposit submission failed after retries
2026-09-26 00:59:10.155+02:00 [WARN ] GAME_FAIL worker=0 n=81 after_ms=0 err=deposit A: deposit submission failed after retries
2026-09-26 00:59:12.209+02:00 [WARN ] GAME_FAIL worker=2 n=82 after_ms=0 err=deposit A: deposit submission failed after retries
2026-09-26 00:59:12.209+02:00 [WARN ] GAME_FAIL worker=3 n=82 after_ms=0 err=deposit A: deposit submission failed after retries
2026-09-26 00:59:12.212+02:00 [WARN ] GAME_FAIL worker=6 n=81 after_ms=0 err=deposit A: deposit submission failed after retries
2026-09-26 00:59:12.925+02:00 [WARN ] GAME_FAIL worker=4 n=81 after_ms=0 err=deposit A: deposit submission failed after retries
2026-09-26 00:59:13.175+02:00 [WARN ] GAME_FAIL worker=5 n=82 after_ms=0 err=deposit A: deposit submission failed after retries
2026-09-26 00:59:13.777+02:00 [WARN ] GAME_FAIL worker=1 n=81 after_ms=0 err=deposit A: deposit submission failed after retries
2026-09-26 00:59:15.156+02:00 [WARN ] GAME_FAIL worker=0 n=82 after_ms=0 err=deposit A: deposit submission failed after retries
2026-09-26 00:59:15.156+02:00 [WARN ] GAME_FAIL worker=7 n=82 after_ms=0 err=deposit A: deposit submission failed after retries
2026-09-26 00:59:17.212+02:00 [WARN ] GAME_FAIL worker=2 n=83 after_ms=0 err=deposit A: deposit submission failed after retries
2026-09-26 00:59:17.212+02:00 [WARN ] GAME_FAIL worker=3 n=83 after_ms=0 err=deposit A: deposit submission failed after retries
2026-09-26 00:59:17.214+02:00 [WARN ] GAME_FAIL worker=6 n=82 after_ms=0 err=deposit A: deposit submission failed after retries
2026-09-26 00:59:17.927+02:00 [WARN ] GAME_FAIL worker=4 n=82 after_ms=0 err=deposit A: deposit submission failed after retries
2026-09-26 00:59:18.178+02:00 [WARN ] GAME_FAIL worker=5 n=83 after_ms=1 err=deposit A: deposit submission failed after retries
2026-09-26 00:59:18.779+02:00 [WARN ] GAME_FAIL worker=1 n=82 after_ms=0 err=deposit A: deposit submission failed after retries
2026-09-26 00:59:20.158+02:00 [WARN ] GAME_FAIL worker=7 n=83 after_ms=0 err=deposit A: deposit submission failed after retries
2026-09-26 00:59:20.158+02:00 [WARN ] GAME_FAIL worker=0 n=83 after_ms=1 err=deposit A: deposit submission failed after retries
2026-09-26 00:59:22.214+02:00 [WARN ] GAME_FAIL worker=3 n=84 after_ms=1 err=deposit A: deposit submission failed after retries
2026-09-26 00:59:22.214+02:00 [WARN ] GAME_FAIL worker=2 n=84 after_ms=1 err=deposit A: deposit submission failed after retries
2026-09-26 00:59:22.215+02:00 [WARN ] GAME_FAIL worker=6 n=83 after_ms=0 err=deposit A: deposit submission failed after retries
2026-09-26 00:59:22.930+02:00 [WARN ] GAME_FAIL worker=4 n=83 after_ms=0 err=deposit A: deposit submission failed after retries
2026-09-26 00:59:23.180+02:00 [WARN ] GAME_FAIL worker=5 n=84 after_ms=0 err=deposit A: deposit submission failed after retries
2026-09-26 00:59:23.781+02:00 [WARN ] GAME_FAIL worker=1 n=83 after_ms=0 err=deposit A: deposit submission failed after retries
2026-09-26 00:59:25.164+02:00 [WARN ] GAME_FAIL worker=7 n=84 after_ms=4 err=deposit A: deposit submission failed after retries
2026-09-26 00:59:25.164+02:00 [WARN ] GAME_FAIL worker=0 n=84 after_ms=4 err=deposit A: deposit submission failed after retries
2026-09-26 00:59:27.215+02:00 [WARN ] GAME_FAIL worker=3 n=85 after_ms=0 err=deposit A: deposit submission failed after retries
2026-09-26 00:59:27.217+02:00 [WARN ] GAME_FAIL worker=6 n=84 after_ms=0 err=deposit A: deposit submission failed after retries
2026-09-26 00:59:27.217+02:00 [WARN ] GAME_FAIL worker=2 n=85 after_ms=1 err=deposit A: deposit submission failed after retries
2026-09-26 00:59:27.932+02:00 [WARN ] GAME_FAIL worker=4 n=84 after_ms=0 err=deposit A: deposit submission failed after retries
2026-09-26 00:59:28.183+02:00 [WARN ] GAME_FAIL worker=5 n=85 after_ms=1 err=deposit A: deposit submission failed after retries
2026-09-26 00:59:28.783+02:00 [WARN ] GAME_FAIL worker=1 n=84 after_ms=1 err=deposit A: deposit submission failed after retries
2026-09-26 00:59:30.167+02:00 [WARN ] GAME_FAIL worker=7 n=85 after_ms=1 err=deposit A: deposit submission failed after retries
2026-09-26 00:59:30.167+02:00 [WARN ] GAME_FAIL worker=0 n=85 after_ms=1 err=deposit A: deposit submission failed after retries
2026-09-26 00:59:32.217+02:00 [WARN ] GAME_FAIL worker=3 n=86 after_ms=0 err=deposit A: deposit submission failed after retries
2026-09-26 00:59:32.218+02:00 [WARN ] GAME_FAIL worker=6 n=85 after_ms=0 err=deposit A: deposit submission failed after retries
2026-09-26 00:59:32.219+02:00 [WARN ] GAME_FAIL worker=2 n=86 after_ms=0 err=deposit A: deposit submission failed after retries
2026-09-26 00:59:33.785+02:00 [WARN ] GAME_FAIL worker=1 n=85 after_ms=0 err=deposit A: deposit submission failed after retries
2026-09-26 00:59:34.935+02:00 [WARN ] GAME_FAIL worker=4 n=85 after_ms=2002 err=deposit B: deposit submission failed after retries
2026-09-26 00:59:35.173+02:00 [WARN ] GAME_FAIL worker=7 n=86 after_ms=2 err=deposit A: deposit submission failed after retries
2026-09-26 00:59:35.174+02:00 [WARN ] GAME_FAIL worker=0 n=86 after_ms=4 err=deposit A: deposit submission failed after retries
2026-09-26 00:59:35.191+02:00 [WARN ] GAME_FAIL worker=5 n=86 after_ms=2007 err=deposit B: deposit submission failed after retries
2026-09-26 00:59:51.237+02:00 [INFO ] GAME_SUBMITTED worker=3 n=87 id=2076339b4565eecffe9b52daa28e5a7462cee0b57a4b0ba4cf91dce2629e26c2 total_submit_ms=14019 deposit_a=1 deposit_b=0 create=0 join=0 turn_a=0 turn_b=3 withdraw=4
2026-09-26 00:59:51.243+02:00 [INFO ] GAME_FINISHED worker=3 n=87 id=2076339b4565eecffe9b52daa28e5a7462cee0b57a4b0ba4cf91dce2629e26c2 state=First finish_wait_ms=5 game_ms=14025
2026-09-26 00:59:51.251+02:00 [INFO ] GAME_SUBMITTED worker=6 n=86 id=6a20254bba3d9e192ea41400e5c78b8b8b44c3d43a8d054dfce049f150a11bea total_submit_ms=14031 deposit_a=0 deposit_b=0 create=0 join=1 turn_a=1 turn_b=6 withdraw=11
2026-09-26 00:59:51.251+02:00 [INFO ] GAME_FINISHED worker=6 n=86 id=6a20254bba3d9e192ea41400e5c78b8b8b44c3d43a8d054dfce049f150a11bea state=First finish_wait_ms=0 game_ms=14031
2026-09-26 00:59:51.253+02:00 [INFO ] GAME_SUBMITTED worker=2 n=87 id=11ff921a5d8757287c7216fffc9e0e3d39c7ba7f29b4a9c90dece5998b99bd5f total_submit_ms=14032 deposit_a=1 deposit_b=1 create=1 join=1 turn_a=0 turn_b=6 withdraw=12
2026-09-26 00:59:51.253+02:00 [INFO ] GAME_FINISHED worker=2 n=87 id=11ff921a5d8757287c7216fffc9e0e3d39c7ba7f29b4a9c90dece5998b99bd5f state=First finish_wait_ms=0 game_ms=14033
2026-09-26 00:59:52.809+02:00 [INFO ] GAME_SUBMITTED worker=1 n=86 id=16361a961276efc36576a9ca8b54cf4d5589b8f01358f110fd168e93a8e20627 total_submit_ms=14023 deposit_a=1 deposit_b=0 create=6 join=1 turn_a=1 turn_b=2 withdraw=1
2026-09-26 00:59:52.809+02:00 [INFO ] GAME_FINISHED worker=1 n=86 id=16361a961276efc36576a9ca8b54cf4d5589b8f01358f110fd168e93a8e20627 state=First finish_wait_ms=0 game_ms=14023
2026-09-26 00:59:53.953+02:00 [INFO ] GAME_SUBMITTED worker=4 n=86 id=32d5d17ed664b045c1675601e2755e00f3aca381646a98832875b2d2696a8cbd total_submit_ms=14015 deposit_a=1 deposit_b=0 create=0 join=0 turn_a=0 turn_b=1 withdraw=1
2026-09-26 00:59:53.953+02:00 [INFO ] GAME_FINISHED worker=4 n=86 id=32d5d17ed664b045c1675601e2755e00f3aca381646a98832875b2d2696a8cbd state=First finish_wait_ms=0 game_ms=14016
2026-09-26 00:59:54.196+02:00 [INFO ] GAME_SUBMITTED worker=0 n=87 id=00dc57c8bbd2928ad00e71ee4e44b478f48ffb6f4cffe67efd042e00ff9f2295 total_submit_ms=14021 deposit_a=2 deposit_b=1 create=2 join=1 turn_a=3 turn_b=2 withdraw=0
2026-09-26 00:59:54.196+02:00 [INFO ] GAME_SUBMITTED worker=7 n=87 id=c5bdd771fd6e3537278221b8a6b8b4e68dd726d7b3b16abdd4268813a39ba86b total_submit_ms=14021 deposit_a=2 deposit_b=0 create=1 join=3 turn_a=2 turn_b=1 withdraw=1
2026-09-26 00:59:54.196+02:00 [INFO ] GAME_FINISHED worker=7 n=87 id=c5bdd771fd6e3537278221b8a6b8b4e68dd726d7b3b16abdd4268813a39ba86b state=First finish_wait_ms=0 game_ms=14021
2026-09-26 00:59:54.196+02:00 [INFO ] GAME_FINISHED worker=0 n=87 id=00dc57c8bbd2928ad00e71ee4e44b478f48ffb6f4cffe67efd042e00ff9f2295 state=First finish_wait_ms=0 game_ms=14021
2026-09-26 00:59:54.216+02:00 [INFO ] GAME_SUBMITTED worker=5 n=87 id=05a0ca5ed714f2642ff1f3977c106e094d34ca42cb64957cd28d9b45ba7fb0b8 total_submit_ms=14023 deposit_a=5 deposit_b=0 create=1 join=1 turn_a=1 turn_b=1 withdraw=1
2026-09-26 00:59:54.216+02:00 [INFO ] GAME_FINISHED worker=5 n=87 id=05a0ca5ed714f2642ff1f3977c106e094d34ca42cb64957cd28d9b45ba7fb0b8 state=First finish_wait_ms=0 game_ms=14023
2026-09-26 01:00:05.300+02:00 [INFO ] GAME_SUBMITTED worker=6 n=87 id=2d8d25452f9228fe61d64044ab8ceb58622ec490c832dd589fbae6e65aa45dbc total_submit_ms=14048 deposit_a=23 deposit_b=1 create=1 join=0 turn_a=1 turn_b=11 withdraw=1
2026-09-26 01:00:05.300+02:00 [INFO ] GAME_SUBMITTED worker=3 n=88 id=fa695407c083a4fb8efb020e2cc104b2b5cf692accbdd440906cd5e2a84bf199 total_submit_ms=14057 deposit_a=8 deposit_b=1 create=0 join=1 turn_a=1 turn_b=33 withdraw=0
2026-09-26 01:00:05.300+02:00 [INFO ] GAME_SUBMITTED worker=2 n=88 id=3635659756a3e5334c57aeb08c8b514ed65741b9d8604e5f8b15aeea925acf59 total_submit_ms=14047 deposit_a=21 deposit_b=1 create=1 join=0 turn_a=0 turn_b=11 withdraw=1
2026-09-26 01:00:05.300+02:00 [INFO ] GAME_FINISHED worker=6 n=87 id=2d8d25452f9228fe61d64044ab8ceb58622ec490c832dd589fbae6e65aa45dbc state=First finish_wait_ms=0 game_ms=14048
2026-09-26 01:00:05.300+02:00 [INFO ] GAME_FINISHED worker=2 n=88 id=3635659756a3e5334c57aeb08c8b514ed65741b9d8604e5f8b15aeea925acf59 state=First finish_wait_ms=0 game_ms=14047
2026-09-26 01:00:05.300+02:00 [INFO ] GAME_FINISHED worker=3 n=88 id=fa695407c083a4fb8efb020e2cc104b2b5cf692accbdd440906cd5e2a84bf199 state=First finish_wait_ms=0 game_ms=14057
2026-09-26 01:00:06.824+02:00 [INFO ] GAME_SUBMITTED worker=1 n=87 id=b551b0e6821c954993df1e615fbe112e3bada7df6fcbe4bb0c69c12079a01e73 total_submit_ms=14015 deposit_a=1 deposit_b=0 create=1 join=0 turn_a=0 turn_b=1 withdraw=1
2026-09-26 01:00:06.825+02:00 [INFO ] GAME_FINISHED worker=1 n=87 id=b551b0e6821c954993df1e615fbe112e3bada7df6fcbe4bb0c69c12079a01e73 state=First finish_wait_ms=0 game_ms=14015
2026-09-26 01:00:07.976+02:00 [INFO ] GAME_SUBMITTED worker=4 n=87 id=f3ec0b34b80403b2c87fb137a6dac9567ca240e43a6e3df7b6fa30d33a74346a total_submit_ms=14023 deposit_a=1 deposit_b=0 create=8 join=1 turn_a=1 turn_b=0 withdraw=1
2026-09-26 01:00:07.977+02:00 [INFO ] GAME_FINISHED worker=4 n=87 id=f3ec0b34b80403b2c87fb137a6dac9567ca240e43a6e3df7b6fa30d33a74346a state=First finish_wait_ms=0 game_ms=14023
2026-09-26 01:00:08.219+02:00 [INFO ] GAME_SUBMITTED worker=7 n=88 id=8792f5719a3cfc588616340c99cb781734ac41c1367a53de2e39905011d92724 total_submit_ms=14022 deposit_a=0 deposit_b=1 create=0 join=2 turn_a=6 turn_b=1 withdraw=2
2026-09-26 01:00:08.219+02:00 [INFO ] GAME_SUBMITTED worker=0 n=88 id=cdfb4fc667c58cb72e4a9c7331d31b78fdaa6375e39e064390bff2c8827eb572 total_submit_ms=14022 deposit_a=0 deposit_b=1 create=0 join=2 turn_a=6 turn_b=1 withdraw=2
2026-09-26 01:00:08.219+02:00 [INFO ] GAME_FINISHED worker=0 n=88 id=cdfb4fc667c58cb72e4a9c7331d31b78fdaa6375e39e064390bff2c8827eb572 state=First finish_wait_ms=0 game_ms=14022
2026-09-26 01:00:08.219+02:00 [INFO ] GAME_FINISHED worker=7 n=88 id=8792f5719a3cfc588616340c99cb781734ac41c1367a53de2e39905011d92724 state=First finish_wait_ms=0 game_ms=14023
2026-09-26 01:00:08.241+02:00 [INFO ] GAME_SUBMITTED worker=5 n=88 id=7dd6824ac7961352b5209a51532162d89674c490b77943e7f934ded99d53477e total_submit_ms=14025 deposit_a=3 deposit_b=1 create=1 join=1 turn_a=5 turn_b=0 withdraw=4
2026-09-26 01:00:08.242+02:00 [INFO ] GAME_FINISHED worker=5 n=88 id=7dd6824ac7961352b5209a51532162d89674c490b77943e7f934ded99d53477e state=First finish_wait_ms=0 game_ms=14025
2026-09-26 01:00:19.322+02:00 [INFO ] GAME_SUBMITTED worker=3 n=89 id=a94489a0e7f238983368ef2baddc1200626dad3534fc5f93f6ed7e2a64df14ee total_submit_ms=14022 deposit_a=1 deposit_b=1 create=2 join=3 turn_a=1 turn_b=0 withdraw=2
2026-09-26 01:00:19.323+02:00 [INFO ] GAME_SUBMITTED worker=6 n=88 id=7b837a815278f4b99fb2240b180e7c7b9bb0d0a0542f65d81e003a7e8a2b0a05 total_submit_ms=14022 deposit_a=1 deposit_b=1 create=2 join=2 turn_a=1 turn_b=1 withdraw=2
2026-09-26 01:00:19.323+02:00 [INFO ] GAME_FINISHED worker=6 n=88 id=7b837a815278f4b99fb2240b180e7c7b9bb0d0a0542f65d81e003a7e8a2b0a05 state=First finish_wait_ms=0 game_ms=14022
2026-09-26 01:00:19.323+02:00 [INFO ] GAME_FINISHED worker=3 n=89 id=a94489a0e7f238983368ef2baddc1200626dad3534fc5f93f6ed7e2a64df14ee state=First finish_wait_ms=0 game_ms=14022
2026-09-26 01:00:19.325+02:00 [INFO ] GAME_SUBMITTED worker=2 n=89 id=2aa0d58b570196c4783d173502ad99c8e537c97b0797183be8091e807e294095 total_submit_ms=14024 deposit_a=1 deposit_b=1 create=2 join=2 turn_a=1 turn_b=1 withdraw=4
2026-09-26 01:00:19.325+02:00 [INFO ] GAME_FINISHED worker=2 n=89 id=2aa0d58b570196c4783d173502ad99c8e537c97b0797183be8091e807e294095 state=First finish_wait_ms=0 game_ms=14024
2026-09-26 01:00:20.881+02:00 [INFO ] GAME_SUBMITTED worker=1 n=88 id=578780342ebf272e967ff79dbbb5987213821b3bc36a7897e63e7dd499deb18e total_submit_ms=14056 deposit_a=5 deposit_b=12 create=2 join=9 turn_a=1 turn_b=1 withdraw=15
2026-09-26 01:00:20.882+02:00 [INFO ] GAME_FINISHED worker=1 n=88 id=578780342ebf272e967ff79dbbb5987213821b3bc36a7897e63e7dd499deb18e state=First finish_wait_ms=0 game_ms=14057
2026-09-26 01:00:21.997+02:00 [INFO ] GAME_SUBMITTED worker=4 n=88 id=89c31ac4d714531648cbe62974e073ba5667b499a6c5b592de72ef30c776773d total_submit_ms=14020 deposit_a=0 deposit_b=1 create=1 join=1 turn_a=0 turn_b=7 withdraw=1
2026-09-26 01:00:21.997+02:00 [INFO ] GAME_FINISHED worker=4 n=88 id=89c31ac4d714531648cbe62974e073ba5667b499a6c5b592de72ef30c776773d state=First finish_wait_ms=0 game_ms=14020
2026-09-26 01:00:22.287+02:00 [INFO ] GAME_SUBMITTED worker=7 n=89 id=cb55f359e1246d8ff9997b2f8de0d25da11b6d90d705da77781422c45ea2041e total_submit_ms=14067 deposit_a=0 deposit_b=1 create=1 join=9 turn_a=9 turn_b=36 withdraw=0
2026-09-26 01:00:22.288+02:00 [INFO ] GAME_SUBMITTED worker=0 n=89 id=036177758bccabf1232a8cfc2f030071782d8173682d5a8b5b6da47cbd6c09a9 total_submit_ms=14068 deposit_a=0 deposit_b=0 create=1 join=9 turn_a=9 turn_b=37 withdraw=1
2026-09-26 01:00:22.288+02:00 [INFO ] GAME_FINISHED worker=7 n=89 id=cb55f359e1246d8ff9997b2f8de0d25da11b6d90d705da77781422c45ea2041e state=First finish_wait_ms=0 game_ms=14068
2026-09-26 01:00:22.288+02:00 [INFO ] GAME_FINISHED worker=0 n=89 id=036177758bccabf1232a8cfc2f030071782d8173682d5a8b5b6da47cbd6c09a9 state=First finish_wait_ms=0 game_ms=14068
2026-09-26 01:00:22.292+02:00 [INFO ] GAME_SUBMITTED worker=5 n=89 id=97296c4ddbd75d4844d6b829261437979f462dfb10411bea231b018a431a6d3e total_submit_ms=14050 deposit_a=0 deposit_b=6 create=1 join=3 turn_a=1 turn_b=26 withdraw=0
2026-09-26 01:00:22.292+02:00 [INFO ] GAME_FINISHED worker=5 n=89 id=97296c4ddbd75d4844d6b829261437979f462dfb10411bea231b018a431a6d3e state=First finish_wait_ms=0 game_ms=14050
2026-09-26 01:00:33.405+02:00 [INFO ] GAME_SUBMITTED worker=6 n=89 id=f84c6511dec90c813c08fa234232b1a96bbdf91d22345226d36fd6cfc204226f total_submit_ms=14082 deposit_a=0 deposit_b=0 create=3 join=1 turn_a=0 turn_b=11 withdraw=55
2026-09-26 01:00:33.411+02:00 [INFO ] GAME_SUBMITTED worker=3 n=90 id=9b6a066c3605782b7292b802a55f46b605353d221dfc30d0728c8dca5d010c74 total_submit_ms=14087 deposit_a=0 deposit_b=0 create=4 join=1 turn_a=0 turn_b=5 withdraw=67
2026-09-26 01:00:33.412+02:00 [INFO ] GAME_SUBMITTED worker=2 n=90 id=31f896bedd6abcb7b70eb5f3d734f4bcc15d5fa8a7b630da56eca9dd4654fa33 total_submit_ms=14086 deposit_a=0 deposit_b=0 create=2 join=3 turn_a=5 turn_b=9 withdraw=52
2026-09-26 01:00:34.407+02:00 [INFO ] GAME_FINISHED worker=6 n=89 id=f84c6511dec90c813c08fa234232b1a96bbdf91d22345226d36fd6cfc204226f state=First finish_wait_ms=1001 game_ms=15083
2026-09-26 01:00:34.412+02:00 [INFO ] GAME_FINISHED worker=3 n=90 id=9b6a066c3605782b7292b802a55f46b605353d221dfc30d0728c8dca5d010c74 state=First finish_wait_ms=1001 game_ms=15089
2026-09-26 01:00:34.413+02:00 [INFO ] GAME_FINISHED worker=2 n=90 id=31f896bedd6abcb7b70eb5f3d734f4bcc15d5fa8a7b630da56eca9dd4654fa33 state=First finish_wait_ms=1000 game_ms=15087
2026-09-26 01:00:34.910+02:00 [INFO ] GAME_SUBMITTED worker=1 n=89 id=c2026913e3df6bc1fd8bbf020a1693ad82dbe0535c5648bdc804e3755b707a20 total_submit_ms=14027 deposit_a=1 deposit_b=0 create=1 join=1 turn_a=0 turn_b=11 withdraw=2
2026-09-26 01:00:34.910+02:00 [INFO ] GAME_FINISHED worker=1 n=89 id=c2026913e3df6bc1fd8bbf020a1693ad82dbe0535c5648bdc804e3755b707a20 state=First finish_wait_ms=0 game_ms=14028
2026-09-26 01:00:36.087+02:00 [INFO ] GAME_SUBMITTED worker=4 n=89 id=65ae37cddfac8b2dbf35cde9b3f60f0a7dbc0e02c9cd68db862c263836e52af7 total_submit_ms=14089 deposit_a=1 deposit_b=0 create=1 join=0 turn_a=0 turn_b=6 withdraw=70
2026-09-26 01:00:36.328+02:00 [INFO ] GAME_SUBMITTED worker=0 n=90 id=2ea894219fc11907d7ee83685df6869405d3ecc5e007a39c1c5d227a407b2fc3 total_submit_ms=14040 deposit_a=0 deposit_b=7 create=1 join=3 turn_a=5 turn_b=3 withdraw=10
2026-09-26 01:00:36.329+02:00 [INFO ] GAME_SUBMITTED worker=5 n=90 id=8e4c1ad174f277ff3514bf6b111f2a19804011d0772efb70e51d89e3c46c2b60 total_submit_ms=14036 deposit_a=3 deposit_b=3 create=0 join=1 turn_a=5 turn_b=3 withdraw=10
2026-09-26 01:00:36.333+02:00 [INFO ] GAME_SUBMITTED worker=7 n=90 id=88b989b8f2a6e81cd85ec6f517f132dc41bfdf0bf41f2d14b76fa2aee3e7539f total_submit_ms=14045 deposit_a=0 deposit_b=8 create=0 join=2 turn_a=5 turn_b=4 withdraw=12
2026-09-26 01:00:38.090+02:00 [INFO ] GAME_FINISHED worker=4 n=89 id=65ae37cddfac8b2dbf35cde9b3f60f0a7dbc0e02c9cd68db862c263836e52af7 state=First finish_wait_ms=2003 game_ms=16092
2026-09-26 01:00:38.337+02:00 [INFO ] GAME_FINISHED worker=5 n=90 id=8e4c1ad174f277ff3514bf6b111f2a19804011d0772efb70e51d89e3c46c2b60 state=First finish_wait_ms=2008 game_ms=16045
2026-09-26 01:00:38.337+02:00 [INFO ] GAME_FINISHED worker=0 n=90 id=2ea894219fc11907d7ee83685df6869405d3ecc5e007a39c1c5d227a407b2fc3 state=First finish_wait_ms=2009 game_ms=16049
2026-09-26 01:00:38.337+02:00 [INFO ] GAME_FINISHED worker=7 n=90 id=88b989b8f2a6e81cd85ec6f517f132dc41bfdf0bf41f2d14b76fa2aee3e7539f state=First finish_wait_ms=2004 game_ms=16049
2026-09-26 01:00:46.418+02:00 [WARN ] GAME_FAIL worker=0 n=91 after_ms=8080 err=turn A: transaction submission failed after retries
2026-09-26 01:00:46.443+02:00 [WARN ] GAME_FAIL worker=7 n=91 after_ms=8105 err=turn A: transaction submission failed after retries
2026-09-26 01:00:46.443+02:00 [WARN ] GAME_FAIL worker=5 n=91 after_ms=8105 err=turn A: transaction submission failed after retries
2026-09-26 01:00:46.471+02:00 [WARN ] GAME_FAIL worker=2 n=91 after_ms=12058 err=withdraw: transaction submission failed after retries
2026-09-26 01:00:46.496+02:00 [WARN ] GAME_FAIL worker=6 n=90 after_ms=12089 err=withdraw: transaction submission failed after retries
2026-09-26 01:00:46.510+02:00 [WARN ] GAME_FAIL worker=3 n=91 after_ms=12097 err=withdraw: transaction submission failed after retries
2026-09-26 01:00:49.016+02:00 [INFO ] GAME_SUBMITTED worker=1 n=90 id=79b2558f3eb6a9eaed7789ac2add1c5d519efdf55e1368ca136dd5edecc10594 total_submit_ms=14105 deposit_a=3 deposit_b=47 create=8 join=22 turn_a=7 turn_b=6 withdraw=4
2026-09-26 01:00:51.018+02:00 [INFO ] GAME_FINISHED worker=1 n=90 id=79b2558f3eb6a9eaed7789ac2add1c5d519efdf55e1368ca136dd5edecc10594 state=First finish_wait_ms=2002 game_ms=16107
2026-09-26 01:00:52.265+02:00 [INFO ] GAME_SUBMITTED worker=4 n=90 id=cf593e8aae7d81680fab530961cad2cbbd9e32f513e3725a87417f0cfebd8566 total_submit_ms=14175 deposit_a=5 deposit_b=1 create=1 join=63 turn_a=26 turn_b=28 withdraw=13
2026-09-26 01:00:53.026+02:00 [WARN ] GAME_FAIL worker=1 n=91 after_ms=2007 err=deposit B: deposit submission failed after retries
2026-09-26 01:00:53.429+02:00 [WARN ] GAME_FAIL worker=0 n=92 after_ms=2010 err=deposit B: deposit submission failed after retries
2026-09-26 01:00:53.447+02:00 [WARN ] GAME_FAIL worker=7 n=92 after_ms=2003 err=deposit B: deposit submission failed after retries
2026-09-26 01:00:53.448+02:00 [WARN ] GAME_FAIL worker=5 n=92 after_ms=2004 err=deposit B: deposit submission failed after retries
2026-09-26 01:00:54.273+02:00 [INFO ] GAME_FINISHED worker=4 n=90 id=cf593e8aae7d81680fab530961cad2cbbd9e32f513e3725a87417f0cfebd8566 state=First finish_wait_ms=2007 game_ms=16182
2026-09-26 01:01:05.525+02:00 [INFO ] GAME_SUBMITTED worker=2 n=92 id=fd99af1b1ee2340bec387b226ee19e88ae4747a4cd43e7339f426b40c9dd920d total_submit_ms=14052 deposit_a=1 deposit_b=0 create=10 join=1 turn_a=7 turn_b=23 withdraw=0
2026-09-26 01:01:05.544+02:00 [INFO ] GAME_SUBMITTED worker=6 n=91 id=554c0a150859f484f9c7752cc627234f8234bfba5042f53345971109d2435545 total_submit_ms=14045 deposit_a=6 deposit_b=5 create=16 join=1 turn_a=1 turn_b=2 withdraw=2
2026-09-26 01:01:05.665+02:00 [INFO ] GAME_SUBMITTED worker=3 n=92 id=6291c4dd8e79f6bdc656b176acbe1fc88bd47f2088daa7c7949e84a1c9c9c557 total_submit_ms=14154 deposit_a=3 deposit_b=31 create=22 join=1 turn_a=5 turn_b=35 withdraw=43
2026-09-26 01:01:08.407+02:00 [INFO ] GAME_SUBMITTED worker=4 n=91 id=09bd92c237318d153aed16fa507f71f4775b00a8a1b579044a347ca26afa9a06 total_submit_ms=14133 deposit_a=12 deposit_b=57 create=0 join=8 turn_a=11 turn_b=1 withdraw=33
2026-09-26 01:01:08.547+02:00 [INFO ] GAME_FINISHED worker=2 n=92 id=fd99af1b1ee2340bec387b226ee19e88ae4747a4cd43e7339f426b40c9dd920d state=First finish_wait_ms=3021 game_ms=17074
2026-09-26 01:01:08.552+02:00 [INFO ] GAME_FINISHED worker=6 n=91 id=554c0a150859f484f9c7752cc627234f8234bfba5042f53345971109d2435545 state=First finish_wait_ms=3007 game_ms=17053
2026-09-26 01:01:08.672+02:00 [INFO ] GAME_FINISHED worker=3 n=92 id=6291c4dd8e79f6bdc656b176acbe1fc88bd47f2088daa7c7949e84a1c9c9c557 state=First finish_wait_ms=3007 game_ms=17161
2026-09-26 01:01:09.409+02:00 [INFO ] GAME_FINISHED worker=4 n=91 id=09bd92c237318d153aed16fa507f71f4775b00a8a1b579044a347ca26afa9a06 state=First finish_wait_ms=1001 game_ms=15135
2026-09-26 01:01:12.208+02:00 [INFO ] GAME_SUBMITTED worker=1 n=92 id=0b3f360ae7fc2f730d6962db79e8d92cb0e90b4f2285f8cabc27098b37fd4bf6 total_submit_ms=14179 deposit_a=2 deposit_b=44 create=15 join=3 turn_a=11 turn_b=77 withdraw=13
2026-09-26 01:01:12.208+02:00 [INFO ] GAME_FINISHED worker=1 n=92 id=0b3f360ae7fc2f730d6962db79e8d92cb0e90b4f2285f8cabc27098b37fd4bf6 state=First finish_wait_ms=0 game_ms=14180
2026-09-26 01:01:12.627+02:00 [INFO ] GAME_SUBMITTED worker=0 n=93 id=d2ecd47901cd730381c6f9b13455e4c23f04661afc6a15d1e26f605fc03a6188 total_submit_ms=14197 deposit_a=40 deposit_b=20 create=21 join=10 turn_a=38 turn_b=32 withdraw=20
2026-09-26 01:01:12.628+02:00 [INFO ] GAME_FINISHED worker=0 n=93 id=d2ecd47901cd730381c6f9b13455e4c23f04661afc6a15d1e26f605fc03a6188 state=First finish_wait_ms=0 game_ms=14197
2026-09-26 01:01:12.657+02:00 [INFO ] GAME_SUBMITTED worker=5 n=93 id=631e14e2fc5300bae87cbc3bf61071fe4908283f3c92578de7c81ef05e52c2e6 total_submit_ms=14207 deposit_a=23 deposit_b=26 create=20 join=12 turn_a=50 turn_b=23 withdraw=29
2026-09-26 01:01:12.658+02:00 [INFO ] GAME_FINISHED worker=5 n=93 id=631e14e2fc5300bae87cbc3bf61071fe4908283f3c92578de7c81ef05e52c2e6 state=First finish_wait_ms=0 game_ms=14208
2026-09-26 01:01:12.658+02:00 [INFO ] GAME_SUBMITTED worker=7 n=93 id=306f2deacec6355976ad5c9fa2b6eb89dbdb6f12ad7efd93ab324a34c245ad57 total_submit_ms=14208 deposit_a=23 deposit_b=26 create=9 join=6 turn_a=66 turn_b=25 withdraw=33
2026-09-26 01:01:12.658+02:00 [INFO ] GAME_FINISHED worker=7 n=93 id=306f2deacec6355976ad5c9fa2b6eb89dbdb6f12ad7efd93ab324a34c245ad57 state=First finish_wait_ms=0 game_ms=14208
2026-09-26 01:01:22.718+02:00 [INFO ] GAME_SUBMITTED worker=2 n=93 id=5a2a0c10bcb1daa4e997396d7bf3e0475119613a77d11b14286c6a607e5b3d6e total_submit_ms=14171 deposit_a=15 deposit_b=3 create=31 join=51 turn_a=17 turn_b=26 withdraw=18
2026-09-26 01:01:22.719+02:00 [INFO ] GAME_SUBMITTED worker=6 n=92 id=30db68c32e16fed9415c66927643613cf383561d0ddddf3449a4995ae45051f6 total_submit_ms=14166 deposit_a=33 deposit_b=20 create=0 join=52 turn_a=13 turn_b=20 withdraw=18
2026-09-26 01:01:22.812+02:00 [INFO ] GAME_SUBMITTED worker=3 n=93 id=39e6331a531eeee5c79a1fa715b369e0f0c4c15657bcd408ff84c84e9b9fd499 total_submit_ms=14139 deposit_a=36 deposit_b=14 create=22 join=19 turn_a=12 turn_b=15 withdraw=0
2026-09-26 01:01:23.604+02:00 [INFO ] GAME_SUBMITTED worker=4 n=92 id=699263c9f2bd5a0fd2590e3ebdb50c596619254a3e2047af2185139c4013df1f total_submit_ms=14195 deposit_a=20 deposit_b=6 create=10 join=1 turn_a=0 turn_b=6 withdraw=142
2026-09-26 01:01:23.605+02:00 [INFO ] GAME_FINISHED worker=4 n=92 id=699263c9f2bd5a0fd2590e3ebdb50c596619254a3e2047af2185139c4013df1f state=First finish_wait_ms=0 game_ms=14195
2026-09-26 01:01:23.721+02:00 [INFO ] GAME_FINISHED worker=6 n=92 id=30db68c32e16fed9415c66927643613cf383561d0ddddf3449a4995ae45051f6 state=First finish_wait_ms=1002 game_ms=15168
2026-09-26 01:01:23.721+02:00 [INFO ] GAME_FINISHED worker=2 n=93 id=5a2a0c10bcb1daa4e997396d7bf3e0475119613a77d11b14286c6a607e5b3d6e state=First finish_wait_ms=1002 game_ms=15174
2026-09-26 01:01:23.813+02:00 [INFO ] GAME_FINISHED worker=3 n=93 id=39e6331a531eeee5c79a1fa715b369e0f0c4c15657bcd408ff84c84e9b9fd499 state=First finish_wait_ms=1001 game_ms=15140
2026-09-26 01:01:26.341+02:00 [INFO ] GAME_SUBMITTED worker=1 n=93 id=0a21efccb4820750d1459e46a7269d2e1d0277431bd9d70df16a9b41088e3d0c total_submit_ms=14133 deposit_a=3 deposit_b=38 create=3 join=0 turn_a=11 turn_b=65 withdraw=0
2026-09-26 01:01:26.834+02:00 [INFO ] GAME_SUBMITTED worker=0 n=94 id=09686707c7afc0490086cc06c64872f734b0291814ef01b5ef8c48d7f4f93bdd total_submit_ms=14205 deposit_a=24 deposit_b=26 create=20 join=83 turn_a=3 turn_b=32 withdraw=0
2026-09-26 01:01:26.834+02:00 [INFO ] GAME_FINISHED worker=0 n=94 id=09686707c7afc0490086cc06c64872f734b0291814ef01b5ef8c48d7f4f93bdd state=First finish_wait_ms=0 game_ms=14206
2026-09-26 01:01:26.837+02:00 [INFO ] GAME_SUBMITTED worker=5 n=94 id=23581e8c6a850be23aac06a2b2bb13afae1c3a2a7e607883f6ced87bf17bf818 total_submit_ms=14179 deposit_a=73 deposit_b=28 create=9 join=24 turn_a=0 turn_b=23 withdraw=0
2026-09-26 01:01:26.838+02:00 [INFO ] GAME_FINISHED worker=5 n=94 id=23581e8c6a850be23aac06a2b2bb13afae1c3a2a7e607883f6ced87bf17bf818 state=First finish_wait_ms=0 game_ms=14179
2026-09-26 01:01:26.859+02:00 [INFO ] GAME_SUBMITTED worker=7 n=94 id=292528458fbe168fc00e89ee0338abb8bfc122bb420d709f958ab8ed92783b55 total_submit_ms=14200 deposit_a=71 deposit_b=25 create=7 join=25 turn_a=0 turn_b=44 withdraw=0
2026-09-26 01:01:26.859+02:00 [INFO ] GAME_FINISHED worker=7 n=94 id=292528458fbe168fc00e89ee0338abb8bfc122bb420d709f958ab8ed92783b55 state=First finish_wait_ms=0 game_ms=14201
2026-09-26 01:01:27.347+02:00 [INFO ] GAME_FINISHED worker=1 n=93 id=0a21efccb4820750d1459e46a7269d2e1d0277431bd9d70df16a9b41088e3d0c state=First finish_wait_ms=1005 game_ms=15138
2026-09-26 01:01:31.641+02:00 [WARN ] GAME_FAIL worker=4 n=93 after_ms=8036 err=turn A: transaction submission failed after retries
2026-09-26 01:01:31.755+02:00 [WARN ] GAME_FAIL worker=6 n=93 after_ms=8034 err=turn A: transaction submission failed after retries
2026-09-26 01:01:31.779+02:00 [WARN ] GAME_FAIL worker=2 n=94 after_ms=8058 err=turn A: transaction submission failed after retries
2026-09-26 01:01:31.832+02:00 [WARN ] GAME_FAIL worker=3 n=94 after_ms=8018 err=turn A: transaction submission failed after retries
2026-09-26 01:01:32.852+02:00 [WARN ] GAME_FAIL worker=0 n=95 after_ms=6017 err=join game: transaction submission failed after retries
2026-09-26 01:01:32.866+02:00 [WARN ] GAME_FAIL worker=5 n=95 after_ms=6028 err=join game: transaction submission failed after retries
2026-09-26 01:01:32.883+02:00 [WARN ] GAME_FAIL worker=7 n=95 after_ms=6023 err=join game: transaction submission failed after retries
2026-09-26 01:01:33.402+02:00 [WARN ] GAME_FAIL worker=1 n=94 after_ms=6055 err=join game: transaction submission failed after retries
2026-09-26 01:01:36.685+02:00 [WARN ] GAME_FAIL worker=4 n=94 after_ms=39 err=deposit A: deposit submission failed after retries
2026-09-26 01:01:36.761+02:00 [WARN ] GAME_FAIL worker=6 n=94 after_ms=5 err=deposit A: deposit submission failed after retries
2026-09-26 01:01:36.787+02:00 [WARN ] GAME_FAIL worker=2 n=95 after_ms=6 err=deposit A: deposit submission failed after retries
2026-09-26 01:01:36.837+02:00 [WARN ] GAME_FAIL worker=3 n=95 after_ms=3 err=deposit A: deposit submission failed after retries
2026-09-26 01:01:37.858+02:00 [WARN ] GAME_FAIL worker=0 n=96 after_ms=4 err=deposit A: deposit submission failed after retries
2026-09-26 01:01:38.406+02:00 [WARN ] GAME_FAIL worker=1 n=95 after_ms=3 err=deposit A: deposit submission failed after retries
2026-09-26 01:01:39.874+02:00 [WARN ] GAME_FAIL worker=5 n=96 after_ms=2007 err=deposit B: deposit submission failed after retries
2026-09-26 01:01:39.896+02:00 [WARN ] GAME_FAIL worker=7 n=96 after_ms=2011 err=deposit B: deposit submission failed after retries
2026-09-26 01:01:41.809+02:00 [WARN ] GAME_FAIL worker=2 n=96 after_ms=19 err=deposit A: deposit submission failed after retries
2026-09-26 01:01:41.949+02:00 [WARN ] GAME_FAIL worker=3 n=96 after_ms=110 err=deposit A: deposit submission failed after retries
2026-09-26 01:01:43.736+02:00 [WARN ] GAME_FAIL worker=4 n=95 after_ms=2050 err=deposit B: deposit submission failed after retries
2026-09-26 01:01:43.788+02:00 [WARN ] GAME_FAIL worker=6 n=95 after_ms=2025 err=deposit B: deposit submission failed after retries
2026-09-26 01:01:44.904+02:00 [WARN ] GAME_FAIL worker=5 n=97 after_ms=29 err=deposit A: deposit submission failed after retries
2026-09-26 01:01:44.905+02:00 [WARN ] GAME_FAIL worker=0 n=97 after_ms=2044 err=deposit B: deposit submission failed after retries
2026-09-26 01:01:44.905+02:00 [WARN ] GAME_FAIL worker=7 n=97 after_ms=8 err=deposit A: deposit submission failed after retries
2026-09-26 01:01:45.419+02:00 [WARN ] GAME_FAIL worker=1 n=96 after_ms=2009 err=deposit B: deposit submission failed after retries
2026-09-26 01:01:48.740+02:00 [WARN ] GAME_FAIL worker=4 n=96 after_ms=2 err=deposit A: deposit submission failed after retries
2026-09-26 01:01:48.809+02:00 [WARN ] GAME_FAIL worker=6 n=96 after_ms=19 err=deposit A: deposit submission failed after retries
2026-09-26 01:01:48.818+02:00 [WARN ] GAME_FAIL worker=2 n=97 after_ms=2007 err=deposit B: deposit submission failed after retries
2026-09-26 01:01:48.962+02:00 [WARN ] GAME_FAIL worker=3 n=97 after_ms=2012 err=deposit B: deposit submission failed after retries
2026-09-26 01:01:49.907+02:00 [WARN ] GAME_FAIL worker=5 n=98 after_ms=1 err=deposit A: deposit submission failed after retries
2026-09-26 01:01:49.907+02:00 [WARN ] GAME_FAIL worker=0 n=98 after_ms=1 err=deposit A: deposit submission failed after retries
2026-09-26 01:01:49.907+02:00 [WARN ] GAME_FAIL worker=7 n=98 after_ms=1 err=deposit A: deposit submission failed after retries
2026-09-26 01:01:50.434+02:00 [WARN ] GAME_FAIL worker=1 n=97 after_ms=12 err=deposit A: deposit submission failed after retries
2026-09-26 01:01:53.822+02:00 [WARN ] GAME_FAIL worker=6 n=97 after_ms=12 err=deposit A: deposit submission failed after retries
2026-09-26 01:01:53.823+02:00 [WARN ] GAME_FAIL worker=4 n=97 after_ms=81 err=deposit A: deposit submission failed after retries
2026-09-26 01:01:53.829+02:00 [WARN ] GAME_FAIL worker=2 n=98 after_ms=9 err=deposit A: deposit submission failed after retries
2026-09-26 01:01:53.968+02:00 [WARN ] GAME_FAIL worker=3 n=98 after_ms=4 err=deposit A: deposit submission failed after retries
2026-09-26 01:01:54.916+02:00 [WARN ] GAME_FAIL worker=7 n=99 after_ms=7 err=deposit A: deposit submission failed after retries
2026-09-26 01:01:54.916+02:00 [WARN ] GAME_FAIL worker=0 n=99 after_ms=7 err=deposit A: deposit submission failed after retries
2026-09-26 01:01:56.922+02:00 [WARN ] GAME_FAIL worker=5 n=99 after_ms=2013 err=deposit B: deposit submission failed after retries
2026-09-26 01:01:57.475+02:00 [WARN ] GAME_FAIL worker=1 n=98 after_ms=2037 err=deposit B: deposit submission failed after retries
2026-09-26 01:01:58.832+02:00 [WARN ] GAME_FAIL worker=2 n=99 after_ms=2 err=deposit A: deposit submission failed after retries
2026-09-26 01:01:59.026+02:00 [WARN ] GAME_FAIL worker=3 n=99 after_ms=44 err=deposit A: deposit submission failed after retries
2026-09-26 01:02:00.830+02:00 [WARN ] GAME_FAIL worker=4 n=98 after_ms=2005 err=deposit B: deposit submission failed after retries
2026-09-26 01:02:00.830+02:00 [WARN ] GAME_FAIL worker=6 n=98 after_ms=2005 err=deposit B: deposit submission failed after retries
2026-09-26 01:02:01.926+02:00 [WARN ] GAME_FAIL worker=5 n=100 after_ms=3 err=deposit A: deposit submission failed after retries
2026-09-26 01:02:01.929+02:00 [WARN ] GAME_FAIL worker=7 n=100 after_ms=2010 err=deposit B: deposit submission failed after retries
2026-09-26 01:02:01.932+02:00 [WARN ] GAME_FAIL worker=0 n=100 after_ms=2014 err=deposit B: deposit submission failed after retries
2026-09-26 01:02:02.480+02:00 [WARN ] GAME_FAIL worker=1 n=99 after_ms=3 err=deposit A: deposit submission failed after retries
2026-09-26 01:02:03.845+02:00 [WARN ] GAME_FAIL worker=2 n=100 after_ms=11 err=deposit A: deposit submission failed after retries
2026-09-26 01:02:04.031+02:00 [WARN ] GAME_FAIL worker=3 n=100 after_ms=4 err=deposit A: deposit submission failed after retries
2026-09-26 01:02:05.867+02:00 [WARN ] GAME_FAIL worker=4 n=99 after_ms=36 err=deposit A: deposit submission failed after retries
2026-09-26 01:02:05.872+02:00 [WARN ] GAME_FAIL worker=6 n=99 after_ms=41 err=deposit A: deposit submission failed after retries
2026-09-26 01:02:06.930+02:00 [WARN ] GAME_FAIL worker=5 n=101 after_ms=2 err=deposit A: deposit submission failed after retries
2026-09-26 01:02:06.932+02:00 [WARN ] GAME_FAIL worker=7 n=101 after_ms=1 err=deposit A: deposit submission failed after retries
2026-09-26 01:02:06.952+02:00 [WARN ] GAME_FAIL worker=0 n=101 after_ms=17 err=deposit A: deposit submission failed after retries
2026-09-26 01:02:07.486+02:00 [WARN ] GAME_FAIL worker=1 n=100 after_ms=5 err=deposit A: deposit submission failed after retries
2026-09-26 01:02:08.849+02:00 [WARN ] GAME_FAIL worker=2 n=101 after_ms=2 err=deposit A: deposit submission failed after retries
2026-09-26 01:02:09.036+02:00 [WARN ] GAME_FAIL worker=3 n=101 after_ms=2 err=deposit A: deposit submission failed after retries
2026-09-26 01:02:10.871+02:00 [WARN ] GAME_FAIL worker=4 n=100 after_ms=1 err=deposit A: deposit submission failed after retries
2026-09-26 01:02:10.876+02:00 [WARN ] GAME_FAIL worker=6 n=100 after_ms=3 err=deposit A: deposit submission failed after retries
2026-09-26 01:02:11.950+02:00 [WARN ] GAME_FAIL worker=7 n=102 after_ms=18 err=deposit A: deposit submission failed after retries
2026-09-26 01:02:11.955+02:00 [WARN ] GAME_FAIL worker=5 n=102 after_ms=24 err=deposit A: deposit submission failed after retries
2026-09-26 01:02:11.959+02:00 [WARN ] GAME_FAIL worker=0 n=102 after_ms=6 err=deposit A: deposit submission failed after retries
2026-09-26 01:02:12.496+02:00 [WARN ] GAME_FAIL worker=1 n=101 after_ms=6 err=deposit A: deposit submission failed after retries
2026-09-26 01:02:13.853+02:00 [WARN ] GAME_FAIL worker=2 n=102 after_ms=3 err=deposit A: deposit submission failed after retries
2026-09-26 01:02:14.069+02:00 [WARN ] GAME_FAIL worker=3 n=102 after_ms=32 err=deposit A: deposit submission failed after retries
2026-09-26 01:02:15.883+02:00 [WARN ] GAME_FAIL worker=4 n=101 after_ms=10 err=deposit A: deposit submission failed after retries
2026-09-26 01:02:15.887+02:00 [WARN ] GAME_FAIL worker=6 n=101 after_ms=10 err=deposit A: deposit submission failed after retries
2026-09-26 01:02:16.983+02:00 [WARN ] GAME_FAIL worker=0 n=103 after_ms=15 err=deposit A: deposit submission failed after retries
2026-09-26 01:02:16.983+02:00 [WARN ] GAME_FAIL worker=5 n=103 after_ms=15 err=deposit A: deposit submission failed after retries
2026-09-26 01:02:16.983+02:00 [WARN ] GAME_FAIL worker=7 n=103 after_ms=16 err=deposit A: deposit submission failed after retries
2026-09-26 01:02:17.524+02:00 [WARN ] GAME_FAIL worker=1 n=102 after_ms=25 err=deposit A: deposit submission failed after retries
2026-09-26 01:02:18.876+02:00 [WARN ] GAME_FAIL worker=2 n=103 after_ms=21 err=deposit A: deposit submission failed after retries
2026-09-26 01:02:19.074+02:00 [WARN ] GAME_FAIL worker=3 n=103 after_ms=3 err=deposit A: deposit submission failed after retries
2026-09-26 01:02:20.887+02:00 [WARN ] GAME_FAIL worker=4 n=102 after_ms=3 err=deposit A: deposit submission failed after retries
2026-09-26 01:02:20.891+02:00 [WARN ] GAME_FAIL worker=6 n=102 after_ms=4 err=deposit A: deposit submission failed after retries
2026-09-26 01:02:22.006+02:00 [WARN ] GAME_FAIL worker=7 n=104 after_ms=22 err=deposit A: deposit submission failed after retries
2026-09-26 01:02:22.006+02:00 [WARN ] GAME_FAIL worker=0 n=104 after_ms=22 err=deposit A: deposit submission failed after retries
2026-09-26 01:02:22.006+02:00 [WARN ] GAME_FAIL worker=5 n=104 after_ms=22 err=deposit A: deposit submission failed after retries
2026-09-26 01:02:22.530+02:00 [WARN ] GAME_FAIL worker=1 n=103 after_ms=3 err=deposit A: deposit submission failed after retries
2026-09-26 01:02:23.882+02:00 [WARN ] GAME_FAIL worker=2 n=104 after_ms=4 err=deposit A: deposit submission failed after retries
2026-09-26 01:02:24.096+02:00 [WARN ] GAME_FAIL worker=3 n=104 after_ms=21 err=deposit A: deposit submission failed after retries
2026-09-26 01:02:25.895+02:00 [WARN ] GAME_FAIL worker=4 n=103 after_ms=6 err=deposit A: deposit submission failed after retries
2026-09-26 01:02:25.898+02:00 [WARN ] GAME_FAIL worker=6 n=103 after_ms=5 err=deposit A: deposit submission failed after retries
2026-09-26 01:02:27.013+02:00 [WARN ] GAME_FAIL worker=0 n=105 after_ms=4 err=deposit A: deposit submission failed after retries
2026-09-26 01:02:27.013+02:00 [WARN ] GAME_FAIL worker=5 n=105 after_ms=4 err=deposit A: deposit submission failed after retries
2026-09-26 01:02:27.014+02:00 [WARN ] GAME_FAIL worker=7 n=105 after_ms=6 err=deposit A: deposit submission failed after retries
2026-09-26 01:02:27.558+02:00 [WARN ] GAME_FAIL worker=1 n=104 after_ms=27 err=deposit A: deposit submission failed after retries
2026-09-26 01:02:28.921+02:00 [WARN ] GAME_FAIL worker=2 n=105 after_ms=36 err=deposit A: deposit submission failed after retries
2026-09-26 01:02:29.109+02:00 [WARN ] GAME_FAIL worker=3 n=105 after_ms=12 err=deposit A: deposit submission failed after retries
2026-09-26 01:02:30.899+02:00 [WARN ] GAME_FAIL worker=4 n=104 after_ms=3 err=deposit A: deposit submission failed after retries
2026-09-26 01:02:30.900+02:00 [WARN ] GAME_FAIL worker=6 n=104 after_ms=1 err=deposit A: deposit submission failed after retries
2026-09-26 01:02:32.023+02:00 [WARN ] GAME_FAIL worker=5 n=106 after_ms=8 err=deposit A: deposit submission failed after retries
2026-09-26 01:02:32.023+02:00 [WARN ] GAME_FAIL worker=0 n=106 after_ms=8 err=deposit A: deposit submission failed after retries
2026-09-26 01:02:32.023+02:00 [WARN ] GAME_FAIL worker=7 n=106 after_ms=7 err=deposit A: deposit submission failed after retries
2026-09-26 01:02:32.584+02:00 [WARN ] GAME_FAIL worker=1 n=105 after_ms=23 err=deposit A: deposit submission failed after retries
2026-09-26 01:02:33.979+02:00 [WARN ] GAME_FAIL worker=2 n=106 after_ms=58 err=deposit A: deposit submission failed after retries
2026-09-26 01:02:34.112+02:00 [WARN ] GAME_FAIL worker=3 n=106 after_ms=1 err=deposit A: deposit submission failed after retries
2026-09-26 01:02:35.903+02:00 [WARN ] GAME_FAIL worker=6 n=105 after_ms=1 err=deposit A: deposit submission failed after retries
2026-09-26 01:02:35.903+02:00 [WARN ] GAME_FAIL worker=4 n=105 after_ms=2 err=deposit A: deposit submission failed after retries
2026-09-26 01:02:37.069+02:00 [WARN ] GAME_FAIL worker=7 n=107 after_ms=45 err=deposit A: deposit submission failed after retries
2026-09-26 01:02:37.069+02:00 [WARN ] GAME_FAIL worker=5 n=107 after_ms=44 err=deposit A: deposit submission failed after retries
2026-09-26 01:02:37.078+02:00 [WARN ] GAME_FAIL worker=0 n=107 after_ms=54 err=deposit A: deposit submission failed after retries
2026-09-26 01:02:37.588+02:00 [WARN ] GAME_FAIL worker=1 n=106 after_ms=2 err=deposit A: deposit submission failed after retries
2026-09-26 01:02:38.988+02:00 [WARN ] GAME_FAIL worker=2 n=107 after_ms=6 err=deposit A: deposit submission failed after retries
2026-09-26 01:02:39.121+02:00 [WARN ] GAME_FAIL worker=3 n=107 after_ms=6 err=deposit A: deposit submission failed after retries
2026-09-26 01:02:40.914+02:00 [WARN ] GAME_FAIL worker=6 n=106 after_ms=9 err=deposit A: deposit submission failed after retries
2026-09-26 01:02:40.915+02:00 [WARN ] GAME_FAIL worker=4 n=106 after_ms=10 err=deposit A: deposit submission failed after retries
2026-09-26 01:02:42.090+02:00 [WARN ] GAME_FAIL worker=7 n=108 after_ms=20 err=deposit A: deposit submission failed after retries
2026-09-26 01:02:42.090+02:00 [WARN ] GAME_FAIL worker=5 n=108 after_ms=20 err=deposit A: deposit submission failed after retries
2026-09-26 01:02:42.093+02:00 [WARN ] GAME_FAIL worker=0 n=108 after_ms=13 err=deposit A: deposit submission failed after retries
2026-09-26 01:02:42.594+02:00 [WARN ] GAME_FAIL worker=1 n=107 after_ms=5 err=deposit A: deposit submission failed after retries
2026-09-26 01:02:43.992+02:00 [WARN ] GAME_FAIL worker=2 n=108 after_ms=3 err=deposit A: deposit submission failed after retries
2026-09-26 01:02:44.124+02:00 [WARN ] GAME_FAIL worker=3 n=108 after_ms=2 err=deposit A: deposit submission failed after retries
2026-09-26 01:02:45.917+02:00 [WARN ] GAME_FAIL worker=6 n=107 after_ms=2 err=deposit A: deposit submission failed after retries
2026-09-26 01:02:45.918+02:00 [WARN ] GAME_FAIL worker=4 n=107 after_ms=1 err=deposit A: deposit submission failed after retries
2026-09-26 01:02:47.110+02:00 [WARN ] GAME_FAIL worker=0 n=109 after_ms=16 err=deposit A: deposit submission failed after retries
2026-09-26 01:02:47.110+02:00 [WARN ] GAME_FAIL worker=5 n=109 after_ms=16 err=deposit A: deposit submission failed after retries
2026-09-26 01:02:47.112+02:00 [WARN ] GAME_FAIL worker=7 n=109 after_ms=18 err=deposit A: deposit submission failed after retries
2026-09-26 01:02:47.629+02:00 [WARN ] GAME_FAIL worker=1 n=108 after_ms=33 err=deposit A: deposit submission failed after retries
2026-09-26 01:02:49.011+02:00 [WARN ] GAME_FAIL worker=2 n=109 after_ms=17 err=deposit A: deposit submission failed after retries
2026-09-26 01:02:49.138+02:00 [WARN ] GAME_FAIL worker=3 n=109 after_ms=9 err=deposit A: deposit submission failed after retries
2026-09-26 01:02:50.924+02:00 [WARN ] GAME_FAIL worker=6 n=108 after_ms=5 err=deposit A: deposit submission failed after retries
2026-09-26 01:02:50.924+02:00 [WARN ] GAME_FAIL worker=4 n=108 after_ms=4 err=deposit A: deposit submission failed after retries
2026-09-26 01:02:52.119+02:00 [WARN ] GAME_FAIL worker=7 n=110 after_ms=5 err=deposit A: deposit submission failed after retries
2026-09-26 01:02:52.127+02:00 [WARN ] GAME_FAIL worker=0 n=110 after_ms=15 err=deposit A: deposit submission failed after retries
2026-09-26 01:02:52.128+02:00 [WARN ] GAME_FAIL worker=5 n=110 after_ms=15 err=deposit A: deposit submission failed after retries
2026-09-26 01:02:52.662+02:00 [WARN ] GAME_FAIL worker=1 n=109 after_ms=31 err=deposit A: deposit submission failed after retries
2026-09-26 01:02:54.021+02:00 [WARN ] GAME_FAIL worker=2 n=110 after_ms=9 err=deposit A: deposit submission failed after retries
2026-09-26 01:02:54.141+02:00 [WARN ] GAME_FAIL worker=3 n=110 after_ms=2 err=deposit A: deposit submission failed after retries
2026-09-26 01:02:55.949+02:00 [WARN ] GAME_FAIL worker=6 n=109 after_ms=22 err=deposit A: deposit submission failed after retries
2026-09-26 01:02:55.949+02:00 [WARN ] GAME_FAIL worker=4 n=109 after_ms=23 err=deposit A: deposit submission failed after retries
2026-09-26 01:02:57.156+02:00 [WARN ] GAME_FAIL worker=5 n=111 after_ms=27 err=deposit A: deposit submission failed after retries
2026-09-26 01:02:57.156+02:00 [WARN ] GAME_FAIL worker=7 n=111 after_ms=35 err=deposit A: deposit submission failed after retries
2026-09-26 01:02:57.159+02:00 [WARN ] GAME_FAIL worker=0 n=111 after_ms=30 err=deposit A: deposit submission failed after retries
2026-09-26 01:02:57.668+02:00 [WARN ] GAME_FAIL worker=1 n=110 after_ms=5 err=deposit A: deposit submission failed after retries
2026-09-26 01:02:59.024+02:00 [WARN ] GAME_FAIL worker=2 n=111 after_ms=2 err=deposit A: deposit submission failed after retries
2026-09-26 01:02:59.147+02:00 [WARN ] GAME_FAIL worker=3 n=111 after_ms=5 err=deposit A: deposit submission failed after retries
2026-09-26 01:03:00.951+02:00 [WARN ] GAME_FAIL worker=6 n=110 after_ms=1 err=deposit A: deposit submission failed after retries
2026-09-26 01:03:00.952+02:00 [WARN ] GAME_FAIL worker=4 n=110 after_ms=1 err=deposit A: deposit submission failed after retries
2026-09-26 01:03:02.193+02:00 [WARN ] GAME_FAIL worker=5 n=112 after_ms=33 err=deposit A: deposit submission failed after retries
2026-09-26 01:03:02.193+02:00 [WARN ] GAME_FAIL worker=0 n=112 after_ms=33 err=deposit A: deposit submission failed after retries
2026-09-26 01:03:02.193+02:00 [WARN ] GAME_FAIL worker=7 n=112 after_ms=33 err=deposit A: deposit submission failed after retries
2026-09-26 01:03:02.677+02:00 [WARN ] GAME_FAIL worker=1 n=111 after_ms=6 err=deposit A: deposit submission failed after retries
2026-09-26 01:03:04.033+02:00 [WARN ] GAME_FAIL worker=2 n=112 after_ms=8 err=deposit A: deposit submission failed after retries
2026-09-26 01:03:04.283+02:00 [WARN ] GAME_FAIL worker=3 n=112 after_ms=133 err=deposit A: deposit submission failed after retries
2026-09-26 01:03:05.965+02:00 [WARN ] GAME_FAIL worker=6 n=111 after_ms=13 err=deposit A: deposit submission failed after retries
2026-09-26 01:03:05.965+02:00 [WARN ] GAME_FAIL worker=4 n=111 after_ms=12 err=deposit A: deposit submission failed after retries
2026-09-26 01:03:07.202+02:00 [WARN ] GAME_FAIL worker=7 n=113 after_ms=4 err=deposit A: deposit submission failed after retries
2026-09-26 01:03:07.202+02:00 [WARN ] GAME_FAIL worker=5 n=113 after_ms=4 err=deposit A: deposit submission failed after retries
2026-09-26 01:03:07.207+02:00 [WARN ] GAME_FAIL worker=0 n=113 after_ms=8 err=deposit A: deposit submission failed after retries
2026-09-26 01:03:07.707+02:00 [WARN ] GAME_FAIL worker=1 n=112 after_ms=25 err=deposit A: deposit submission failed after retries
2026-09-26 01:03:09.039+02:00 [WARN ] GAME_FAIL worker=2 n=113 after_ms=4 err=deposit A: deposit submission failed after retries
2026-09-26 01:03:09.285+02:00 [WARN ] GAME_FAIL worker=3 n=113 after_ms=1 err=deposit A: deposit submission failed after retries
2026-09-26 01:03:10.974+02:00 [WARN ] GAME_FAIL worker=4 n=112 after_ms=7 err=deposit A: deposit submission failed after retries
2026-09-26 01:03:10.974+02:00 [WARN ] GAME_FAIL worker=6 n=112 after_ms=8 err=deposit A: deposit submission failed after retries
2026-09-26 01:03:12.220+02:00 [WARN ] GAME_FAIL worker=0 n=114 after_ms=12 err=deposit A: deposit submission failed after retries
2026-09-26 01:03:12.221+02:00 [WARN ] GAME_FAIL worker=7 n=114 after_ms=18 err=deposit A: deposit submission failed after retries
2026-09-26 01:03:12.221+02:00 [WARN ] GAME_FAIL worker=5 n=114 after_ms=17 err=deposit A: deposit submission failed after retries
2026-09-26 01:03:12.711+02:00 [WARN ] GAME_FAIL worker=1 n=113 after_ms=3 err=deposit A: deposit submission failed after retries
2026-09-26 01:03:14.045+02:00 [WARN ] GAME_FAIL worker=2 n=114 after_ms=5 err=deposit A: deposit submission failed after retries
2026-09-26 01:03:14.362+02:00 [WARN ] GAME_FAIL worker=3 n=114 after_ms=75 err=deposit A: deposit submission failed after retries
2026-09-26 01:03:15.979+02:00 [WARN ] GAME_FAIL worker=4 n=113 after_ms=4 err=deposit A: deposit submission failed after retries
2026-09-26 01:03:15.979+02:00 [WARN ] GAME_FAIL worker=6 n=113 after_ms=3 err=deposit A: deposit submission failed after retries
2026-09-26 01:03:17.266+02:00 [WARN ] GAME_FAIL worker=0 n=115 after_ms=44 err=deposit A: deposit submission failed after retries
2026-09-26 01:03:17.266+02:00 [WARN ] GAME_FAIL worker=5 n=115 after_ms=44 err=deposit A: deposit submission failed after retries
2026-09-26 01:03:17.266+02:00 [WARN ] GAME_FAIL worker=7 n=115 after_ms=44 err=deposit A: deposit submission failed after retries
2026-09-26 01:03:17.719+02:00 [WARN ] GAME_FAIL worker=1 n=114 after_ms=5 err=deposit A: deposit submission failed after retries
2026-09-26 01:03:19.070+02:00 [WARN ] GAME_FAIL worker=2 n=115 after_ms=20 err=deposit A: deposit submission failed after retries
2026-09-26 01:03:19.366+02:00 [WARN ] GAME_FAIL worker=3 n=115 after_ms=2 err=deposit A: deposit submission failed after retries
2026-09-26 01:03:21.003+02:00 [WARN ] GAME_FAIL worker=4 n=114 after_ms=22 err=deposit A: deposit submission failed after retries
2026-09-26 01:03:21.007+02:00 [WARN ] GAME_FAIL worker=6 n=114 after_ms=25 err=deposit A: deposit submission failed after retries
2026-09-26 01:03:22.273+02:00 [WARN ] GAME_FAIL worker=0 n=116 after_ms=5 err=deposit A: deposit submission failed after retries
2026-09-26 01:03:22.276+02:00 [WARN ] GAME_FAIL worker=5 n=116 after_ms=8 err=deposit A: deposit submission failed after retries
2026-09-26 01:03:22.276+02:00 [WARN ] GAME_FAIL worker=7 n=116 after_ms=8 err=deposit A: deposit submission failed after retries
2026-09-26 01:03:22.782+02:00 [WARN ] GAME_FAIL worker=1 n=115 after_ms=62 err=deposit A: deposit submission failed after retries
2026-09-26 01:03:24.072+02:00 [WARN ] GAME_FAIL worker=2 n=116 after_ms=1 err=deposit A: deposit submission failed after retries
2026-09-26 01:03:24.379+02:00 [WARN ] GAME_FAIL worker=3 n=116 after_ms=11 err=deposit A: deposit submission failed after retries
2026-09-26 01:03:26.015+02:00 [WARN ] GAME_FAIL worker=6 n=115 after_ms=7 err=deposit A: deposit submission failed after retries
2026-09-26 01:03:26.015+02:00 [WARN ] GAME_FAIL worker=4 n=115 after_ms=9 err=deposit A: deposit submission failed after retries
2026-09-26 01:03:27.276+02:00 [WARN ] GAME_FAIL worker=0 n=117 after_ms=2 err=deposit A: deposit submission failed after retries
2026-09-26 01:03:27.280+02:00 [WARN ] GAME_FAIL worker=5 n=117 after_ms=1 err=deposit A: deposit submission failed after retries
2026-09-26 01:03:27.280+02:00 [WARN ] GAME_FAIL worker=7 n=117 after_ms=1 err=deposit A: deposit submission failed after retries
2026-09-26 01:03:27.788+02:00 [WARN ] GAME_FAIL worker=1 n=116 after_ms=5 err=deposit A: deposit submission failed after retries
2026-09-26 01:03:29.079+02:00 [WARN ] GAME_FAIL worker=2 n=117 after_ms=5 err=deposit A: deposit submission failed after retries
2026-09-26 01:03:29.382+02:00 [WARN ] GAME_FAIL worker=3 n=117 after_ms=2 err=deposit A: deposit submission failed after retries
2026-09-26 01:03:31.029+02:00 [WARN ] GAME_FAIL worker=4 n=116 after_ms=12 err=deposit A: deposit submission failed after retries
2026-09-26 01:03:31.029+02:00 [WARN ] GAME_FAIL worker=6 n=116 after_ms=12 err=deposit A: deposit submission failed after retries
2026-09-26 01:03:32.280+02:00 [WARN ] GAME_FAIL worker=0 n=118 after_ms=2 err=deposit A: deposit submission failed after retries
2026-09-26 01:03:32.282+02:00 [WARN ] GAME_FAIL worker=7 n=118 after_ms=1 err=deposit A: deposit submission failed after retries
2026-09-26 01:03:32.282+02:00 [WARN ] GAME_FAIL worker=5 n=118 after_ms=1 err=deposit A: deposit submission failed after retries
2026-09-26 01:03:32.794+02:00 [WARN ] GAME_FAIL worker=1 n=117 after_ms=4 err=deposit A: deposit submission failed after retries
2026-09-26 01:03:34.090+02:00 [WARN ] GAME_FAIL worker=2 n=118 after_ms=10 err=deposit A: deposit submission failed after retries
2026-09-26 01:03:34.385+02:00 [WARN ] GAME_FAIL worker=3 n=118 after_ms=2 err=deposit A: deposit submission failed after retries
2026-09-26 01:03:36.031+02:00 [WARN ] GAME_FAIL worker=6 n=117 after_ms=1 err=deposit A: deposit submission failed after retries
2026-09-26 01:03:36.033+02:00 [WARN ] GAME_FAIL worker=4 n=117 after_ms=3 err=deposit A: deposit submission failed after retries
2026-09-26 01:03:37.286+02:00 [WARN ] GAME_FAIL worker=0 n=119 after_ms=5 err=deposit A: deposit submission failed after retries
2026-09-26 01:03:37.289+02:00 [WARN ] GAME_FAIL worker=5 n=119 after_ms=2 err=deposit A: deposit submission failed after retries
2026-09-26 01:03:37.289+02:00 [WARN ] GAME_FAIL worker=7 n=119 after_ms=3 err=deposit A: deposit submission failed after retries
2026-09-26 01:03:37.804+02:00 [WARN ] GAME_FAIL worker=1 n=118 after_ms=9 err=deposit A: deposit submission failed after retries
2026-09-26 01:03:39.093+02:00 [WARN ] GAME_FAIL worker=2 n=119 after_ms=1 err=deposit A: deposit submission failed after retries
2026-09-26 01:03:39.393+02:00 [WARN ] GAME_FAIL worker=3 n=119 after_ms=5 err=deposit A: deposit submission failed after retries
2026-09-26 01:03:41.061+02:00 [WARN ] GAME_FAIL worker=4 n=118 after_ms=27 err=deposit A: deposit submission failed after retries
2026-09-26 01:03:41.061+02:00 [WARN ] GAME_FAIL worker=6 n=118 after_ms=27 err=deposit A: deposit submission failed after retries
2026-09-26 01:03:42.292+02:00 [WARN ] GAME_FAIL worker=5 n=120 after_ms=1 err=deposit A: deposit submission failed after retries
2026-09-26 01:03:42.292+02:00 [WARN ] GAME_FAIL worker=0 n=120 after_ms=2 err=deposit A: deposit submission failed after retries
2026-09-26 01:03:42.293+02:00 [WARN ] GAME_FAIL worker=7 n=120 after_ms=2 err=deposit A: deposit submission failed after retries
2026-09-26 01:03:42.861+02:00 [WARN ] GAME_FAIL worker=1 n=119 after_ms=55 err=deposit A: deposit submission failed after retries
2026-09-26 01:03:44.099+02:00 [WARN ] GAME_FAIL worker=2 n=120 after_ms=5 err=deposit A: deposit submission failed after retries
2026-09-26 01:03:44.397+02:00 [WARN ] GAME_FAIL worker=3 n=120 after_ms=3 err=deposit A: deposit submission failed after retries
2026-09-26 01:03:46.069+02:00 [WARN ] GAME_FAIL worker=6 n=119 after_ms=5 err=deposit A: deposit submission failed after retries
2026-09-26 01:03:46.069+02:00 [WARN ] GAME_FAIL worker=4 n=119 after_ms=5 err=deposit A: deposit submission failed after retries
2026-09-26 01:03:47.297+02:00 [WARN ] GAME_FAIL worker=7 n=121 after_ms=3 err=deposit A: deposit submission failed after retries
2026-09-26 01:03:47.301+02:00 [WARN ] GAME_FAIL worker=5 n=121 after_ms=7 err=deposit A: deposit submission failed after retries
2026-09-26 01:03:47.319+02:00 [WARN ] GAME_FAIL worker=0 n=121 after_ms=24 err=deposit A: deposit submission failed after retries
2026-09-26 01:03:47.866+02:00 [WARN ] GAME_FAIL worker=1 n=120 after_ms=3 err=deposit A: deposit submission failed after retries
2026-09-26 01:03:49.106+02:00 [WARN ] GAME_FAIL worker=2 n=121 after_ms=5 err=deposit A: deposit submission failed after retries
2026-09-26 01:03:49.443+02:00 [WARN ] GAME_FAIL worker=3 n=121 after_ms=45 err=deposit A: deposit submission failed after retries
2026-09-26 01:03:51.072+02:00 [WARN ] GAME_FAIL worker=6 n=120 after_ms=0 err=deposit A: deposit submission failed after retries
2026-09-26 01:03:51.072+02:00 [WARN ] GAME_FAIL worker=4 n=120 after_ms=1 err=deposit A: deposit submission failed after retries
2026-09-26 01:03:52.306+02:00 [WARN ] GAME_FAIL worker=7 n=122 after_ms=7 err=deposit A: deposit submission failed after retries
2026-09-26 01:03:52.311+02:00 [WARN ] GAME_FAIL worker=5 n=122 after_ms=8 err=deposit A: deposit submission failed after retries
2026-09-26 01:03:52.321+02:00 [WARN ] GAME_FAIL worker=0 n=122 after_ms=2 err=deposit A: deposit submission failed after retries
2026-09-26 01:03:52.869+02:00 [WARN ] GAME_FAIL worker=1 n=121 after_ms=1 err=deposit A: deposit submission failed after retries
2026-09-26 01:03:54.110+02:00 [WARN ] GAME_FAIL worker=2 n=122 after_ms=2 err=deposit A: deposit submission failed after retries
2026-09-26 01:03:54.449+02:00 [WARN ] GAME_FAIL worker=3 n=122 after_ms=4 err=deposit A: deposit submission failed after retries
2026-09-26 01:03:56.077+02:00 [WARN ] GAME_FAIL worker=6 n=121 after_ms=4 err=deposit A: deposit submission failed after retries
2026-09-26 01:03:56.077+02:00 [WARN ] GAME_FAIL worker=4 n=121 after_ms=4 err=deposit A: deposit submission failed after retries
2026-09-26 01:03:57.309+02:00 [WARN ] GAME_FAIL worker=7 n=123 after_ms=2 err=deposit A: deposit submission failed after retries
2026-09-26 01:03:57.316+02:00 [WARN ] GAME_FAIL worker=5 n=123 after_ms=2 err=deposit A: deposit submission failed after retries
2026-09-26 01:03:57.325+02:00 [WARN ] GAME_FAIL worker=0 n=123 after_ms=2 err=deposit A: deposit submission failed after retries
2026-09-26 01:03:57.971+02:00 [WARN ] GAME_FAIL worker=1 n=122 after_ms=99 err=deposit A: deposit submission failed after retries
2026-09-26 01:03:59.116+02:00 [WARN ] GAME_FAIL worker=2 n=123 after_ms=5 err=deposit A: deposit submission failed after retries
2026-09-26 01:03:59.470+02:00 [WARN ] GAME_FAIL worker=3 n=123 after_ms=21 err=deposit A: deposit submission failed after retries
2026-09-26 01:04:01.083+02:00 [WARN ] GAME_FAIL worker=4 n=122 after_ms=4 err=deposit A: deposit submission failed after retries
2026-09-26 01:04:01.084+02:00 [WARN ] GAME_FAIL worker=6 n=122 after_ms=5 err=deposit A: deposit submission failed after retries
2026-09-26 01:04:02.320+02:00 [WARN ] GAME_FAIL worker=5 n=124 after_ms=3 err=deposit A: deposit submission failed after retries
2026-09-26 01:04:02.321+02:00 [WARN ] GAME_FAIL worker=7 n=124 after_ms=10 err=deposit A: deposit submission failed after retries
2026-09-26 01:04:02.330+02:00 [WARN ] GAME_FAIL worker=0 n=124 after_ms=2 err=deposit A: deposit submission failed after retries
2026-09-26 01:04:02.974+02:00 [WARN ] GAME_FAIL worker=1 n=123 after_ms=2 err=deposit A: deposit submission failed after retries
2026-09-26 01:04:04.134+02:00 [WARN ] GAME_FAIL worker=2 n=124 after_ms=16 err=deposit A: deposit submission failed after retries
2026-09-26 01:04:04.476+02:00 [WARN ] GAME_FAIL worker=3 n=124 after_ms=4 err=deposit A: deposit submission failed after retries
2026-09-26 01:04:06.214+02:00 [WARN ] GAME_FAIL worker=4 n=123 after_ms=128 err=deposit A: deposit submission failed after retries
2026-09-26 01:04:06.214+02:00 [WARN ] GAME_FAIL worker=6 n=123 after_ms=128 err=deposit A: deposit submission failed after retries
2026-09-26 01:04:07.334+02:00 [WARN ] GAME_FAIL worker=5 n=125 after_ms=12 err=deposit A: deposit submission failed after retries
2026-09-26 01:04:07.336+02:00 [WARN ] GAME_FAIL worker=7 n=125 after_ms=14 err=deposit A: deposit submission failed after retries
2026-09-26 01:04:07.336+02:00 [WARN ] GAME_FAIL worker=0 n=125 after_ms=5 err=deposit A: deposit submission failed after retries
2026-09-26 01:04:07.977+02:00 [WARN ] GAME_FAIL worker=1 n=124 after_ms=2 err=deposit A: deposit submission failed after retries
2026-09-26 01:04:09.137+02:00 [WARN ] GAME_FAIL worker=2 n=125 after_ms=2 err=deposit A: deposit submission failed after retries
2026-09-26 01:04:09.488+02:00 [WARN ] GAME_FAIL worker=3 n=125 after_ms=11 err=deposit A: deposit submission failed after retries
2026-09-26 01:04:11.221+02:00 [WARN ] GAME_FAIL worker=4 n=124 after_ms=3 err=deposit A: deposit submission failed after retries
2026-09-26 01:04:11.221+02:00 [WARN ] GAME_FAIL worker=6 n=124 after_ms=4 err=deposit A: deposit submission failed after retries
2026-09-26 01:04:12.338+02:00 [WARN ] GAME_FAIL worker=5 n=126 after_ms=2 err=deposit A: deposit submission failed after retries
2026-09-26 01:04:12.339+02:00 [WARN ] GAME_FAIL worker=0 n=126 after_ms=1 err=deposit A: deposit submission failed after retries
2026-09-26 01:04:12.340+02:00 [WARN ] GAME_FAIL worker=7 n=126 after_ms=2 err=deposit A: deposit submission failed after retries
2026-09-26 01:04:12.981+02:00 [WARN ] GAME_FAIL worker=1 n=125 after_ms=3 err=deposit A: deposit submission failed after retries
2026-09-26 01:04:14.151+02:00 [WARN ] GAME_FAIL worker=2 n=126 after_ms=13 err=deposit A: deposit submission failed after retries
2026-09-26 01:04:14.498+02:00 [WARN ] GAME_FAIL worker=3 n=126 after_ms=7 err=deposit A: deposit submission failed after retries
2026-09-26 01:04:16.225+02:00 [WARN ] GAME_FAIL worker=4 n=125 after_ms=2 err=deposit A: deposit submission failed after retries
2026-09-26 01:04:16.225+02:00 [WARN ] GAME_FAIL worker=6 n=125 after_ms=2 err=deposit A: deposit submission failed after retries
2026-09-26 01:04:17.343+02:00 [WARN ] GAME_FAIL worker=7 n=127 after_ms=3 err=deposit A: deposit submission failed after retries
2026-09-26 01:04:17.344+02:00 [WARN ] GAME_FAIL worker=5 n=127 after_ms=3 err=deposit A: deposit submission failed after retries
2026-09-26 01:04:17.344+02:00 [WARN ] GAME_FAIL worker=0 n=127 after_ms=4 err=deposit A: deposit submission failed after retries
2026-09-26 01:04:17.987+02:00 [WARN ] GAME_FAIL worker=1 n=126 after_ms=2 err=deposit A: deposit submission failed after retries
2026-09-26 01:04:19.160+02:00 [WARN ] GAME_FAIL worker=2 n=127 after_ms=7 err=deposit A: deposit submission failed after retries
2026-09-26 01:04:19.501+02:00 [WARN ] GAME_FAIL worker=3 n=127 after_ms=2 err=deposit A: deposit submission failed after retries
2026-09-26 01:04:21.233+02:00 [WARN ] GAME_FAIL worker=4 n=126 after_ms=7 err=deposit A: deposit submission failed after retries
2026-09-26 01:04:21.239+02:00 [WARN ] GAME_FAIL worker=6 n=126 after_ms=12 err=deposit A: deposit submission failed after retries
2026-09-26 01:04:22.396+02:00 [WARN ] GAME_FAIL worker=0 n=128 after_ms=50 err=deposit A: deposit submission failed after retries
2026-09-26 01:04:22.396+02:00 [WARN ] GAME_FAIL worker=5 n=128 after_ms=50 err=deposit A: deposit submission failed after retries
2026-09-26 01:04:22.396+02:00 [WARN ] GAME_FAIL worker=7 n=128 after_ms=50 err=deposit A: deposit submission failed after retries
2026-09-26 01:04:22.991+02:00 [WARN ] GAME_FAIL worker=1 n=127 after_ms=1 err=deposit A: deposit submission failed after retries
2026-09-26 01:04:24.175+02:00 [WARN ] GAME_FAIL worker=2 n=128 after_ms=13 err=deposit A: deposit submission failed after retries
2026-09-26 01:04:24.528+02:00 [WARN ] GAME_FAIL worker=3 n=128 after_ms=23 err=deposit A: deposit submission failed after retries
2026-09-26 01:04:26.260+02:00 [WARN ] GAME_FAIL worker=4 n=127 after_ms=26 err=deposit A: deposit submission failed after retries
2026-09-26 01:04:26.268+02:00 [WARN ] GAME_FAIL worker=6 n=127 after_ms=28 err=deposit A: deposit submission failed after retries
2026-09-26 01:04:27.449+02:00 [WARN ] GAME_FAIL worker=7 n=129 after_ms=52 err=deposit A: deposit submission failed after retries
2026-09-26 01:04:27.449+02:00 [WARN ] GAME_FAIL worker=5 n=129 after_ms=52 err=deposit A: deposit submission failed after retries
2026-09-26 01:04:27.449+02:00 [WARN ] GAME_FAIL worker=0 n=129 after_ms=52 err=deposit A: deposit submission failed after retries
2026-09-26 01:04:28.020+02:00 [WARN ] GAME_FAIL worker=1 n=128 after_ms=26 err=deposit A: deposit submission failed after retries
2026-09-26 01:04:29.185+02:00 [WARN ] GAME_FAIL worker=2 n=129 after_ms=8 err=deposit A: deposit submission failed after retries
2026-09-26 01:04:29.530+02:00 [WARN ] GAME_FAIL worker=3 n=129 after_ms=1 err=deposit A: deposit submission failed after retries
2026-09-26 01:04:31.272+02:00 [WARN ] GAME_FAIL worker=6 n=128 after_ms=2 err=deposit A: deposit submission failed after retries
2026-09-26 01:04:31.283+02:00 [WARN ] GAME_FAIL worker=4 n=128 after_ms=17 err=deposit A: deposit submission failed after retries
2026-09-26 01:04:32.475+02:00 [WARN ] GAME_FAIL worker=5 n=130 after_ms=22 err=deposit A: deposit submission failed after retries
2026-09-26 01:04:32.478+02:00 [WARN ] GAME_FAIL worker=7 n=130 after_ms=25 err=deposit A: deposit submission failed after retries
2026-09-26 01:04:32.478+02:00 [WARN ] GAME_FAIL worker=0 n=130 after_ms=25 err=deposit A: deposit submission failed after retries
2026-09-26 01:04:33.039+02:00 [WARN ] GAME_FAIL worker=1 n=129 after_ms=14 err=deposit A: deposit submission failed after retries
2026-09-26 01:04:34.211+02:00 [WARN ] GAME_FAIL worker=2 n=130 after_ms=25 err=deposit A: deposit submission failed after retries
2026-09-26 01:04:34.546+02:00 [WARN ] GAME_FAIL worker=3 n=130 after_ms=14 err=deposit A: deposit submission failed after retries
2026-09-26 01:04:36.284+02:00 [WARN ] GAME_FAIL worker=6 n=129 after_ms=10 err=deposit A: deposit submission failed after retries
2026-09-26 01:04:36.330+02:00 [WARN ] GAME_FAIL worker=4 n=129 after_ms=45 err=deposit A: deposit submission failed after retries
2026-09-26 01:04:37.478+02:00 [WARN ] GAME_FAIL worker=5 n=131 after_ms=1 err=deposit A: deposit submission failed after retries
2026-09-26 01:04:37.480+02:00 [WARN ] GAME_FAIL worker=0 n=131 after_ms=1 err=deposit A: deposit submission failed after retries
2026-09-26 01:04:37.482+02:00 [WARN ] GAME_FAIL worker=7 n=131 after_ms=3 err=deposit A: deposit submission failed after retries
2026-09-26 01:04:38.042+02:00 [WARN ] GAME_FAIL worker=1 n=130 after_ms=1 err=deposit A: deposit submission failed after retries
2026-09-26 01:04:39.219+02:00 [WARN ] GAME_FAIL worker=2 n=131 after_ms=7 err=deposit A: deposit submission failed after retries
2026-09-26 01:04:39.564+02:00 [WARN ] GAME_FAIL worker=3 n=131 after_ms=16 err=deposit A: deposit submission failed after retries
2026-09-26 01:04:41.289+02:00 [WARN ] GAME_FAIL worker=6 n=130 after_ms=3 err=deposit A: deposit submission failed after retries
2026-09-26 01:04:41.335+02:00 [WARN ] GAME_FAIL worker=4 n=130 after_ms=2 err=deposit A: deposit submission failed after retries
2026-09-26 01:04:42.484+02:00 [WARN ] GAME_FAIL worker=0 n=132 after_ms=2 err=deposit A: deposit submission failed after retries
2026-09-26 01:04:42.484+02:00 [WARN ] GAME_FAIL worker=5 n=132 after_ms=5 err=deposit A: deposit submission failed after retries
2026-09-26 01:04:42.487+02:00 [WARN ] GAME_FAIL worker=7 n=132 after_ms=3 err=deposit A: deposit submission failed after retries
2026-09-26 01:04:43.047+02:00 [WARN ] GAME_FAIL worker=1 n=131 after_ms=4 err=deposit A: deposit submission failed after retries
2026-09-26 01:04:44.251+02:00 [WARN ] GAME_FAIL worker=2 n=132 after_ms=31 err=deposit A: deposit submission failed after retries
2026-09-26 01:04:44.567+02:00 [WARN ] GAME_FAIL worker=3 n=132 after_ms=2 err=deposit A: deposit submission failed after retries
2026-09-26 01:04:46.292+02:00 [WARN ] GAME_FAIL worker=6 n=131 after_ms=1 err=deposit A: deposit submission failed after retries
2026-09-26 01:04:46.338+02:00 [WARN ] GAME_FAIL worker=4 n=131 after_ms=1 err=deposit A: deposit submission failed after retries
2026-09-26 01:04:47.487+02:00 [WARN ] GAME_FAIL worker=0 n=133 after_ms=2 err=deposit A: deposit submission failed after retries
2026-09-26 01:04:47.487+02:00 [WARN ] GAME_FAIL worker=5 n=133 after_ms=1 err=deposit A: deposit submission failed after retries
2026-09-26 01:04:47.488+02:00 [WARN ] GAME_FAIL worker=7 n=133 after_ms=0 err=deposit A: deposit submission failed after retries
2026-09-26 01:04:48.078+02:00 [WARN ] GAME_FAIL worker=1 n=132 after_ms=30 err=deposit A: deposit submission failed after retries
2026-09-26 01:04:49.286+02:00 [WARN ] GAME_FAIL worker=2 n=133 after_ms=34 err=deposit A: deposit submission failed after retries
2026-09-26 01:04:49.602+02:00 [WARN ] GAME_FAIL worker=3 n=133 after_ms=32 err=deposit A: deposit submission failed after retries
2026-09-26 01:04:51.296+02:00 [WARN ] GAME_FAIL worker=6 n=132 after_ms=3 err=deposit A: deposit submission failed after retries
2026-09-26 01:04:51.345+02:00 [WARN ] GAME_FAIL worker=4 n=132 after_ms=6 err=deposit A: deposit submission failed after retries
2026-09-26 01:04:52.507+02:00 [WARN ] GAME_FAIL worker=0 n=134 after_ms=18 err=deposit A: deposit submission failed after retries
2026-09-26 01:04:52.507+02:00 [WARN ] GAME_FAIL worker=7 n=134 after_ms=18 err=deposit A: deposit submission failed after retries
2026-09-26 01:04:52.507+02:00 [WARN ] GAME_FAIL worker=5 n=134 after_ms=18 err=deposit A: deposit submission failed after retries
2026-09-26 01:04:53.089+02:00 [WARN ] GAME_FAIL worker=1 n=133 after_ms=8 err=deposit A: deposit submission failed after retries
2026-09-26 01:04:54.326+02:00 [WARN ] GAME_FAIL worker=2 n=134 after_ms=32 err=deposit A: deposit submission failed after retries
2026-09-26 01:04:54.610+02:00 [WARN ] GAME_FAIL worker=3 n=134 after_ms=4 err=deposit A: deposit submission failed after retries
2026-09-26 01:04:56.304+02:00 [WARN ] GAME_FAIL worker=6 n=133 after_ms=6 err=deposit A: deposit submission failed after retries
2026-09-26 01:04:56.351+02:00 [WARN ] GAME_FAIL worker=4 n=133 after_ms=3 err=deposit A: deposit submission failed after retries
2026-09-26 01:04:57.514+02:00 [WARN ] GAME_FAIL worker=0 n=135 after_ms=6 err=deposit A: deposit submission failed after retries
2026-09-26 01:04:57.514+02:00 [WARN ] GAME_FAIL worker=7 n=135 after_ms=6 err=deposit A: deposit submission failed after retries
2026-09-26 01:04:57.515+02:00 [WARN ] GAME_FAIL worker=5 n=135 after_ms=6 err=deposit A: deposit submission failed after retries
2026-09-26 01:04:58.096+02:00 [WARN ] GAME_FAIL worker=1 n=134 after_ms=6 err=deposit A: deposit submission failed after retries
2026-09-26 01:04:59.333+02:00 [WARN ] GAME_FAIL worker=2 n=135 after_ms=6 err=deposit A: deposit submission failed after retries
2026-09-26 01:04:59.624+02:00 [WARN ] GAME_FAIL worker=3 n=135 after_ms=13 err=deposit A: deposit submission failed after retries
2026-09-26 01:05:01.310+02:00 [WARN ] GAME_FAIL worker=6 n=134 after_ms=4 err=deposit A: deposit submission failed after retries
2026-09-26 01:05:01.355+02:00 [WARN ] GAME_FAIL worker=4 n=134 after_ms=1 err=deposit A: deposit submission failed after retries
2026-09-26 01:05:02.516+02:00 [WARN ] GAME_FAIL worker=0 n=136 after_ms=1 err=deposit A: deposit submission failed after retries
2026-09-26 01:05:02.516+02:00 [WARN ] GAME_FAIL worker=7 n=136 after_ms=1 err=deposit A: deposit submission failed after retries
2026-09-26 01:05:02.517+02:00 [WARN ] GAME_FAIL worker=5 n=136 after_ms=1 err=deposit A: deposit submission failed after retries
2026-09-26 01:05:03.101+02:00 [WARN ] GAME_FAIL worker=1 n=135 after_ms=4 err=deposit A: deposit submission failed after retries
2026-09-26 01:05:04.405+02:00 [WARN ] GAME_FAIL worker=2 n=136 after_ms=70 err=deposit A: deposit submission failed after retries
2026-09-26 01:05:04.636+02:00 [WARN ] GAME_FAIL worker=3 n=136 after_ms=9 err=deposit A: deposit submission failed after retries
2026-09-26 01:05:06.314+02:00 [WARN ] GAME_FAIL worker=6 n=135 after_ms=2 err=deposit A: deposit submission failed after retries
2026-09-26 01:05:06.405+02:00 [WARN ] GAME_FAIL worker=4 n=135 after_ms=50 err=deposit A: deposit submission failed after retries
2026-09-26 01:05:07.519+02:00 [WARN ] GAME_FAIL worker=7 n=137 after_ms=1 err=deposit A: deposit submission failed after retries
2026-09-26 01:05:07.520+02:00 [WARN ] GAME_FAIL worker=5 n=137 after_ms=2 err=deposit A: deposit submission failed after retries
2026-09-26 01:05:07.522+02:00 [WARN ] GAME_FAIL worker=0 n=137 after_ms=4 err=deposit A: deposit submission failed after retries
2026-09-26 01:05:08.107+02:00 [WARN ] GAME_FAIL worker=1 n=136 after_ms=4 err=deposit A: deposit submission failed after retries
2026-09-26 01:05:09.424+02:00 [WARN ] GAME_FAIL worker=2 n=137 after_ms=18 err=deposit A: deposit submission failed after retries
2026-09-26 01:05:09.661+02:00 [WARN ] GAME_FAIL worker=3 n=137 after_ms=24 err=deposit A: deposit submission failed after retries
2026-09-26 01:05:11.318+02:00 [WARN ] GAME_FAIL worker=6 n=136 after_ms=3 err=deposit A: deposit submission failed after retries
2026-09-26 01:05:11.415+02:00 [WARN ] GAME_FAIL worker=4 n=136 after_ms=9 err=deposit A: deposit submission failed after retries
2026-09-26 01:05:12.529+02:00 [WARN ] GAME_FAIL worker=5 n=138 after_ms=8 err=deposit A: deposit submission failed after retries
2026-09-26 01:05:12.530+02:00 [WARN ] GAME_FAIL worker=0 n=138 after_ms=5 err=deposit A: deposit submission failed after retries
2026-09-26 01:05:12.531+02:00 [WARN ] GAME_FAIL worker=7 n=138 after_ms=9 err=deposit A: deposit submission failed after retries
2026-09-26 01:05:13.114+02:00 [WARN ] GAME_FAIL worker=1 n=137 after_ms=5 err=deposit A: deposit submission failed after retries
2026-09-26 01:05:14.432+02:00 [WARN ] GAME_FAIL worker=2 n=138 after_ms=6 err=deposit A: deposit submission failed after retries
2026-09-26 01:05:14.666+02:00 [WARN ] GAME_FAIL worker=3 n=138 after_ms=4 err=deposit A: deposit submission failed after retries
2026-09-26 01:05:16.320+02:00 [WARN ] GAME_FAIL worker=6 n=137 after_ms=1 err=deposit A: deposit submission failed after retries
2026-09-26 01:05:16.417+02:00 [WARN ] GAME_FAIL worker=4 n=137 after_ms=0 err=deposit A: deposit submission failed after retries
2026-09-26 01:05:17.533+02:00 [WARN ] GAME_FAIL worker=5 n=139 after_ms=3 err=deposit A: deposit submission failed after retries
2026-09-26 01:05:17.533+02:00 [WARN ] GAME_FAIL worker=0 n=139 after_ms=1 err=deposit A: deposit submission failed after retries
2026-09-26 01:05:18.116+02:00 [WARN ] GAME_FAIL worker=1 n=138 after_ms=1 err=deposit A: deposit submission failed after retries
2026-09-26 01:05:19.434+02:00 [WARN ] GAME_FAIL worker=2 n=139 after_ms=0 err=deposit A: deposit submission failed after retries
2026-09-26 01:05:19.563+02:00 [WARN ] GAME_FAIL worker=7 n=139 after_ms=2031 err=deposit B: deposit submission failed after retries
2026-09-26 01:05:19.689+02:00 [WARN ] GAME_FAIL worker=3 n=139 after_ms=21 err=deposit A: deposit submission failed after retries
2026-09-26 01:05:21.345+02:00 [WARN ] GAME_FAIL worker=6 n=138 after_ms=21 err=deposit A: deposit submission failed after retries
2026-09-26 01:05:21.432+02:00 [WARN ] GAME_FAIL worker=4 n=138 after_ms=12 err=deposit A: deposit submission failed after retries
2026-09-26 01:05:22.537+02:00 [WARN ] GAME_FAIL worker=5 n=140 after_ms=1 err=deposit A: deposit submission failed after retries
2026-09-26 01:05:22.538+02:00 [WARN ] GAME_FAIL worker=0 n=140 after_ms=2 err=deposit A: deposit submission failed after retries
2026-09-26 01:05:23.121+02:00 [WARN ] GAME_FAIL worker=1 n=139 after_ms=3 err=deposit A: deposit submission failed after retries
2026-09-26 01:05:24.569+02:00 [WARN ] GAME_FAIL worker=7 n=140 after_ms=4 err=deposit A: deposit submission failed after retries
2026-09-26 01:05:24.694+02:00 [WARN ] GAME_FAIL worker=3 n=140 after_ms=4 err=deposit A: deposit submission failed after retries
2026-09-26 01:05:26.348+02:00 [WARN ] GAME_FAIL worker=6 n=139 after_ms=1 err=deposit A: deposit submission failed after retries
2026-09-26 01:05:26.434+02:00 [WARN ] GAME_FAIL worker=4 n=139 after_ms=1 err=deposit A: deposit submission failed after retries
2026-09-26 01:05:26.447+02:00 [WARN ] GAME_FAIL worker=2 n=140 after_ms=2010 err=deposit B: deposit submission failed after retries
2026-09-26 01:05:27.545+02:00 [WARN ] GAME_FAIL worker=5 n=141 after_ms=7 err=deposit A: deposit submission failed after retries
2026-09-26 01:05:27.547+02:00 [WARN ] GAME_FAIL worker=0 n=141 after_ms=4 err=deposit A: deposit submission failed after retries
2026-09-26 01:05:28.180+02:00 [WARN ] GAME_FAIL worker=1 n=140 after_ms=58 err=deposit A: deposit submission failed after retries
2026-09-26 01:05:29.572+02:00 [WARN ] GAME_FAIL worker=7 n=141 after_ms=2 err=deposit A: deposit submission failed after retries
2026-09-26 01:05:29.794+02:00 [WARN ] GAME_FAIL worker=3 n=141 after_ms=99 err=deposit A: deposit submission failed after retries
2026-09-26 01:05:31.355+02:00 [WARN ] GAME_FAIL worker=6 n=140 after_ms=4 err=deposit A: deposit submission failed after retries
2026-09-26 01:05:31.437+02:00 [WARN ] GAME_FAIL worker=4 n=140 after_ms=1 err=deposit A: deposit submission failed after retries
2026-09-26 01:05:31.450+02:00 [WARN ] GAME_FAIL worker=2 n=141 after_ms=2 err=deposit A: deposit submission failed after retries
2026-09-26 01:05:32.565+02:00 [WARN ] GAME_FAIL worker=0 n=142 after_ms=16 err=deposit A: deposit submission failed after retries
2026-09-26 01:05:33.184+02:00 [WARN ] GAME_FAIL worker=1 n=141 after_ms=2 err=deposit A: deposit submission failed after retries
2026-09-26 01:05:34.590+02:00 [WARN ] GAME_FAIL worker=7 n=142 after_ms=15 err=deposit A: deposit submission failed after retries
2026-09-26 01:05:34.590+02:00 [WARN ] GAME_FAIL worker=5 n=142 after_ms=2041 err=deposit B: deposit submission failed after retries
2026-09-26 01:05:34.825+02:00 [WARN ] GAME_FAIL worker=3 n=142 after_ms=15 err=deposit A: deposit submission failed after retries
2026-09-26 01:05:36.434+02:00 [WARN ] GAME_FAIL worker=6 n=141 after_ms=78 err=deposit A: deposit submission failed after retries
2026-09-26 01:05:36.458+02:00 [WARN ] GAME_FAIL worker=4 n=141 after_ms=19 err=deposit A: deposit submission failed after retries
2026-09-26 01:05:36.461+02:00 [WARN ] GAME_FAIL worker=2 n=142 after_ms=4 err=deposit A: deposit submission failed after retries
2026-09-26 01:05:37.580+02:00 [WARN ] GAME_FAIL worker=0 n=143 after_ms=12 err=deposit A: deposit submission failed after retries
2026-09-26 01:05:38.195+02:00 [WARN ] GAME_FAIL worker=1 n=142 after_ms=9 err=deposit A: deposit submission failed after retries
2026-09-26 01:05:39.598+02:00 [WARN ] GAME_FAIL worker=7 n=143 after_ms=5 err=deposit A: deposit submission failed after retries
2026-09-26 01:05:39.598+02:00 [WARN ] GAME_FAIL worker=5 n=143 after_ms=5 err=deposit A: deposit submission failed after retries
2026-09-26 01:05:39.831+02:00 [WARN ] GAME_FAIL worker=3 n=143 after_ms=3 err=deposit A: deposit submission failed after retries
2026-09-26 01:05:41.508+02:00 [WARN ] GAME_FAIL worker=4 n=142 after_ms=48 err=deposit A: deposit submission failed after retries
2026-09-26 01:05:41.508+02:00 [WARN ] GAME_FAIL worker=2 n=143 after_ms=45 err=deposit A: deposit submission failed after retries
2026-09-26 01:05:42.591+02:00 [WARN ] GAME_FAIL worker=0 n=144 after_ms=9 err=deposit A: deposit submission failed after retries
2026-09-26 01:05:43.447+02:00 [WARN ] GAME_FAIL worker=6 n=142 after_ms=2011 err=deposit B: deposit submission failed after retries
2026-09-26 01:05:44.607+02:00 [WARN ] GAME_FAIL worker=5 n=144 after_ms=8 err=deposit A: deposit submission failed after retries
2026-09-26 01:05:44.607+02:00 [WARN ] GAME_FAIL worker=7 n=144 after_ms=8 err=deposit A: deposit submission failed after retries
2026-09-26 01:05:44.844+02:00 [WARN ] GAME_FAIL worker=3 n=144 after_ms=12 err=deposit A: deposit submission failed after retries
2026-09-26 01:05:45.216+02:00 [WARN ] GAME_FAIL worker=1 n=143 after_ms=2020 err=deposit B: deposit submission failed after retries
2026-09-26 01:05:46.516+02:00 [WARN ] GAME_FAIL worker=2 n=144 after_ms=7 err=deposit A: deposit submission failed after retries
2026-09-26 01:05:46.516+02:00 [WARN ] GAME_FAIL worker=4 n=143 after_ms=7 err=deposit A: deposit submission failed after retries
2026-09-26 01:05:47.598+02:00 [WARN ] GAME_FAIL worker=0 n=145 after_ms=5 err=deposit A: deposit submission failed after retries
2026-09-26 01:05:48.455+02:00 [WARN ] GAME_FAIL worker=6 n=143 after_ms=7 err=deposit A: deposit submission failed after retries
2026-09-26 01:05:49.624+02:00 [WARN ] GAME_FAIL worker=5 n=145 after_ms=16 err=deposit A: deposit submission failed after retries
2026-09-26 01:05:49.631+02:00 [WARN ] GAME_FAIL worker=7 n=145 after_ms=22 err=deposit A: deposit submission failed after retries
2026-09-26 01:05:49.848+02:00 [WARN ] GAME_FAIL worker=3 n=145 after_ms=3 err=deposit A: deposit submission failed after retries
2026-09-26 01:05:50.227+02:00 [WARN ] GAME_FAIL worker=1 n=144 after_ms=9 err=deposit A: deposit submission failed after retries
2026-09-26 01:05:51.521+02:00 [WARN ] GAME_FAIL worker=4 n=144 after_ms=2 err=deposit A: deposit submission failed after retries
2026-09-26 01:05:51.524+02:00 [WARN ] GAME_FAIL worker=2 n=145 after_ms=5 err=deposit A: deposit submission failed after retries
2026-09-26 01:05:52.602+02:00 [WARN ] GAME_FAIL worker=0 n=146 after_ms=2 err=deposit A: deposit submission failed after retries
2026-09-26 01:05:53.460+02:00 [WARN ] GAME_FAIL worker=6 n=144 after_ms=3 err=deposit A: deposit submission failed after retries
2026-09-26 01:05:54.628+02:00 [WARN ] GAME_FAIL worker=5 n=146 after_ms=3 err=deposit A: deposit submission failed after retries
2026-09-26 01:05:54.639+02:00 [WARN ] GAME_FAIL worker=7 n=146 after_ms=6 err=deposit A: deposit submission failed after retries
2026-09-26 01:05:54.901+02:00 [WARN ] GAME_FAIL worker=3 n=146 after_ms=51 err=deposit A: deposit submission failed after retries
2026-09-26 01:05:55.237+02:00 [WARN ] GAME_FAIL worker=1 n=145 after_ms=9 err=deposit A: deposit submission failed after retries
2026-09-26 01:05:56.537+02:00 [WARN ] GAME_FAIL worker=4 n=145 after_ms=11 err=deposit A: deposit submission failed after retries
2026-09-26 01:05:56.537+02:00 [WARN ] GAME_FAIL worker=2 n=146 after_ms=11 err=deposit A: deposit submission failed after retries
2026-09-26 01:05:57.607+02:00 [WARN ] GAME_FAIL worker=0 n=147 after_ms=3 err=deposit A: deposit submission failed after retries
2026-09-26 01:05:58.484+02:00 [WARN ] GAME_FAIL worker=6 n=145 after_ms=18 err=deposit A: deposit submission failed after retries
2026-09-26 01:05:59.639+02:00 [WARN ] GAME_FAIL worker=5 n=147 after_ms=10 err=deposit A: deposit submission failed after retries
2026-09-26 01:05:59.648+02:00 [WARN ] GAME_FAIL worker=7 n=147 after_ms=6 err=deposit A: deposit submission failed after retries
2026-09-26 01:05:59.906+02:00 [WARN ] GAME_FAIL worker=3 n=147 after_ms=0 err=deposit A: deposit submission failed after retries
2026-09-26 01:06:00.239+02:00 [WARN ] GAME_FAIL worker=1 n=146 after_ms=0 err=deposit A: deposit submission failed after retries
2026-09-26 01:06:01.566+02:00 [WARN ] GAME_FAIL worker=2 n=147 after_ms=27 err=deposit A: deposit submission failed after retries
2026-09-26 01:06:01.569+02:00 [WARN ] GAME_FAIL worker=4 n=146 after_ms=30 err=deposit A: deposit submission failed after retries
2026-09-26 01:06:02.613+02:00 [WARN ] GAME_FAIL worker=0 n=148 after_ms=4 err=deposit A: deposit submission failed after retries
2026-09-26 01:06:03.491+02:00 [WARN ] GAME_FAIL worker=6 n=146 after_ms=5 err=deposit A: deposit submission failed after retries
2026-09-26 01:06:04.656+02:00 [WARN ] GAME_FAIL worker=5 n=148 after_ms=16 err=deposit A: deposit submission failed after retries
2026-09-26 01:06:04.661+02:00 [WARN ] GAME_FAIL worker=7 n=148 after_ms=12 err=deposit A: deposit submission failed after retries
2026-09-26 01:06:04.913+02:00 [WARN ] GAME_FAIL worker=3 n=148 after_ms=6 err=deposit A: deposit submission failed after retries
2026-09-26 01:06:05.243+02:00 [WARN ] GAME_FAIL worker=1 n=147 after_ms=2 err=deposit A: deposit submission failed after retries
2026-09-26 01:06:06.576+02:00 [WARN ] GAME_FAIL worker=2 n=148 after_ms=8 err=deposit A: deposit submission failed after retries
2026-09-26 01:06:06.576+02:00 [WARN ] GAME_FAIL worker=4 n=147 after_ms=6 err=deposit A: deposit submission failed after retries
2026-09-26 01:06:07.616+02:00 [WARN ] GAME_FAIL worker=0 n=149 after_ms=2 err=deposit A: deposit submission failed after retries
2026-09-26 01:06:08.496+02:00 [WARN ] GAME_FAIL worker=6 n=147 after_ms=3 err=deposit A: deposit submission failed after retries
2026-09-26 01:06:09.659+02:00 [WARN ] GAME_FAIL worker=5 n=149 after_ms=2 err=deposit A: deposit submission failed after retries
2026-09-26 01:06:09.666+02:00 [WARN ] GAME_FAIL worker=7 n=149 after_ms=3 err=deposit A: deposit submission failed after retries
2026-09-26 01:06:09.926+02:00 [WARN ] GAME_FAIL worker=3 n=149 after_ms=13 err=deposit A: deposit submission failed after retries
2026-09-26 01:06:10.248+02:00 [WARN ] GAME_FAIL worker=1 n=148 after_ms=4 err=deposit A: deposit submission failed after retries
2026-09-26 01:06:11.581+02:00 [WARN ] GAME_FAIL worker=4 n=148 after_ms=3 err=deposit A: deposit submission failed after retries
2026-09-26 01:06:11.582+02:00 [WARN ] GAME_FAIL worker=2 n=149 after_ms=4 err=deposit A: deposit submission failed after retries
2026-09-26 01:06:12.617+02:00 [WARN ] GAME_FAIL worker=0 n=150 after_ms=0 err=deposit A: deposit submission failed after retries
2026-09-26 01:06:13.561+02:00 [WARN ] GAME_FAIL worker=6 n=148 after_ms=63 err=deposit A: deposit submission failed after retries
2026-09-26 01:06:14.847+02:00 [WARN ] GAME_FAIL worker=7 n=150 after_ms=179 err=deposit A: deposit submission failed after retries
2026-09-26 01:06:14.847+02:00 [WARN ] GAME_FAIL worker=5 n=150 after_ms=187 err=deposit A: deposit submission failed after retries
2026-09-26 01:06:15.114+02:00 [WARN ] GAME_FAIL worker=3 n=150 after_ms=186 err=deposit A: deposit submission failed after retries
2026-09-26 01:06:15.335+02:00 [WARN ] GAME_FAIL worker=1 n=149 after_ms=85 err=deposit A: deposit submission failed after retries
2026-09-26 01:06:16.588+02:00 [WARN ] GAME_FAIL worker=4 n=149 after_ms=5 err=deposit A: deposit submission failed after retries
2026-09-26 01:06:16.594+02:00 [WARN ] GAME_FAIL worker=2 n=150 after_ms=10 err=deposit A: deposit submission failed after retries
2026-09-26 01:06:17.633+02:00 [WARN ] GAME_FAIL worker=0 n=151 after_ms=14 err=deposit A: deposit submission failed after retries
2026-09-26 01:06:18.566+02:00 [WARN ] GAME_FAIL worker=6 n=149 after_ms=2 err=deposit A: deposit submission failed after retries
2026-09-26 01:06:19.860+02:00 [WARN ] GAME_FAIL worker=7 n=151 after_ms=10 err=deposit A: deposit submission failed after retries
2026-09-26 01:06:19.860+02:00 [WARN ] GAME_FAIL worker=5 n=151 after_ms=10 err=deposit A: deposit submission failed after retries
2026-09-26 01:06:20.348+02:00 [WARN ] GAME_FAIL worker=1 n=150 after_ms=11 err=deposit A: deposit submission failed after retries
2026-09-26 01:06:21.630+02:00 [WARN ] GAME_FAIL worker=4 n=150 after_ms=41 err=deposit A: deposit submission failed after retries
2026-09-26 01:06:21.648+02:00 [WARN ] GAME_FAIL worker=2 n=151 after_ms=52 err=deposit A: deposit submission failed after retries
2026-09-26 01:06:22.137+02:00 [WARN ] GAME_FAIL worker=3 n=151 after_ms=2019 err=deposit B: deposit submission failed after retries
2026-09-26 01:06:22.636+02:00 [WARN ] GAME_FAIL worker=0 n=152 after_ms=2 err=deposit A: deposit submission failed after retries
2026-09-26 01:06:23.572+02:00 [WARN ] GAME_FAIL worker=6 n=150 after_ms=6 err=deposit A: deposit submission failed after retries
2026-09-26 01:06:24.865+02:00 [WARN ] GAME_FAIL worker=5 n=152 after_ms=4 err=deposit A: deposit submission failed after retries
2026-09-26 01:06:26.872+02:00 [WARN ] GAME_FAIL worker=7 n=152 after_ms=2010 err=deposit B: deposit submission failed after retries
2026-09-26 01:06:27.147+02:00 [WARN ] GAME_FAIL worker=3 n=152 after_ms=7 err=deposit A: deposit submission failed after retries
2026-09-26 01:06:27.361+02:00 [WARN ] GAME_FAIL worker=1 n=151 after_ms=2012 err=deposit B: deposit submission failed after retries
2026-09-26 01:06:28.683+02:00 [WARN ] GAME_FAIL worker=4 n=151 after_ms=2050 err=deposit B: deposit submission failed after retries
2026-09-26 01:06:28.684+02:00 [WARN ] GAME_FAIL worker=2 n=152 after_ms=2034 err=deposit B: deposit submission failed after retries
2026-09-26 01:06:29.648+02:00 [WARN ] GAME_FAIL worker=0 n=153 after_ms=2009 err=deposit B: deposit submission failed after retries
2026-09-26 01:06:30.633+02:00 [WARN ] GAME_FAIL worker=6 n=151 after_ms=2059 err=deposit B: deposit submission failed after retries
2026-09-26 01:06:31.906+02:00 [WARN ] GAME_FAIL worker=5 n=153 after_ms=2040 err=deposit B: deposit submission failed after retries
2026-09-26 01:06:31.906+02:00 [WARN ] GAME_FAIL worker=7 n=153 after_ms=33 err=deposit A: deposit submission failed after retries
2026-09-26 01:06:32.159+02:00 [WARN ] GAME_FAIL worker=3 n=153 after_ms=10 err=deposit A: deposit submission failed after retries
2026-09-26 01:06:32.367+02:00 [WARN ] GAME_FAIL worker=1 n=152 after_ms=4 err=deposit A: deposit submission failed after retries
2026-09-26 01:06:33.690+02:00 [WARN ] GAME_FAIL worker=2 n=153 after_ms=5 err=deposit A: deposit submission failed after retries
2026-09-26 01:06:33.690+02:00 [WARN ] GAME_FAIL worker=4 n=152 after_ms=6 err=deposit A: deposit submission failed after retries
2026-09-26 01:06:34.655+02:00 [WARN ] GAME_FAIL worker=0 n=154 after_ms=6 err=deposit A: deposit submission failed after retries
2026-09-26 01:06:35.649+02:00 [WARN ] GAME_FAIL worker=6 n=152 after_ms=13 err=deposit A: deposit submission failed after retries
2026-09-26 01:06:36.912+02:00 [WARN ] GAME_FAIL worker=5 n=154 after_ms=4 err=deposit A: deposit submission failed after retries
2026-09-26 01:06:36.912+02:00 [WARN ] GAME_FAIL worker=7 n=154 after_ms=4 err=deposit A: deposit submission failed after retries
2026-09-26 01:06:37.186+02:00 [WARN ] GAME_FAIL worker=3 n=154 after_ms=25 err=deposit A: deposit submission failed after retries
2026-09-26 01:06:37.373+02:00 [WARN ] GAME_FAIL worker=1 n=153 after_ms=5 err=deposit A: deposit submission failed after retries
2026-09-26 01:06:38.696+02:00 [WARN ] GAME_FAIL worker=4 n=153 after_ms=4 err=deposit A: deposit submission failed after retries
2026-09-26 01:06:38.696+02:00 [WARN ] GAME_FAIL worker=2 n=154 after_ms=4 err=deposit A: deposit submission failed after retries
2026-09-26 01:06:39.656+02:00 [WARN ] GAME_FAIL worker=0 n=155 after_ms=0 err=deposit A: deposit submission failed after retries
2026-09-26 01:06:40.651+02:00 [WARN ] GAME_FAIL worker=6 n=153 after_ms=1 err=deposit A: deposit submission failed after retries
2026-09-26 01:06:41.921+02:00 [WARN ] GAME_FAIL worker=7 n=155 after_ms=4 err=deposit A: deposit submission failed after retries
2026-09-26 01:06:41.921+02:00 [WARN ] GAME_FAIL worker=5 n=155 after_ms=8 err=deposit A: deposit submission failed after retries
2026-09-26 01:06:42.197+02:00 [WARN ] GAME_FAIL worker=3 n=155 after_ms=8 err=deposit A: deposit submission failed after retries
2026-09-26 01:06:42.383+02:00 [WARN ] GAME_FAIL worker=1 n=154 after_ms=9 err=deposit A: deposit submission failed after retries
2026-09-26 01:06:43.707+02:00 [WARN ] GAME_FAIL worker=4 n=154 after_ms=3 err=deposit A: deposit submission failed after retries
2026-09-26 01:06:43.707+02:00 [WARN ] GAME_FAIL worker=2 n=155 after_ms=3 err=deposit A: deposit submission failed after retries
2026-09-26 01:06:44.669+02:00 [WARN ] GAME_FAIL worker=0 n=156 after_ms=11 err=deposit A: deposit submission failed after retries
2026-09-26 01:06:45.698+02:00 [WARN ] GAME_FAIL worker=6 n=154 after_ms=44 err=deposit A: deposit submission failed after retries
2026-09-26 01:06:46.943+02:00 [WARN ] GAME_FAIL worker=7 n=156 after_ms=21 err=deposit A: deposit submission failed after retries
2026-09-26 01:06:46.943+02:00 [WARN ] GAME_FAIL worker=5 n=156 after_ms=21 err=deposit A: deposit submission failed after retries
2026-09-26 01:06:47.212+02:00 [WARN ] GAME_FAIL worker=3 n=156 after_ms=14 err=deposit A: deposit submission failed after retries
2026-09-26 01:06:47.385+02:00 [WARN ] GAME_FAIL worker=1 n=155 after_ms=1 err=deposit A: deposit submission failed after retries
2026-09-26 01:06:48.711+02:00 [WARN ] GAME_FAIL worker=4 n=155 after_ms=3 err=deposit A: deposit submission failed after retries
2026-09-26 01:06:48.711+02:00 [WARN ] GAME_FAIL worker=2 n=156 after_ms=3 err=deposit A: deposit submission failed after retries
2026-09-26 01:06:49.672+02:00 [WARN ] GAME_FAIL worker=0 n=157 after_ms=2 err=deposit A: deposit submission failed after retries
2026-09-26 01:06:50.706+02:00 [WARN ] GAME_FAIL worker=6 n=155 after_ms=6 err=deposit A: deposit submission failed after retries
2026-09-26 01:06:52.009+02:00 [WARN ] GAME_FAIL worker=7 n=157 after_ms=66 err=deposit A: deposit submission failed after retries
2026-09-26 01:06:52.010+02:00 [WARN ] GAME_FAIL worker=5 n=157 after_ms=67 err=deposit A: deposit submission failed after retries
2026-09-26 01:06:52.215+02:00 [WARN ] GAME_FAIL worker=3 n=157 after_ms=2 err=deposit A: deposit submission failed after retries
2026-09-26 01:06:52.389+02:00 [WARN ] GAME_FAIL worker=1 n=156 after_ms=2 err=deposit A: deposit submission failed after retries
2026-09-26 01:06:53.730+02:00 [WARN ] GAME_FAIL worker=2 n=157 after_ms=17 err=deposit A: deposit submission failed after retries
2026-09-26 01:06:53.730+02:00 [WARN ] GAME_FAIL worker=4 n=156 after_ms=18 err=deposit A: deposit submission failed after retries
2026-09-26 01:06:54.680+02:00 [WARN ] GAME_FAIL worker=0 n=158 after_ms=7 err=deposit A: deposit submission failed after retries
2026-09-26 01:06:55.708+02:00 [WARN ] GAME_FAIL worker=6 n=156 after_ms=0 err=deposit A: deposit submission failed after retries
2026-09-26 01:06:57.012+02:00 [WARN ] GAME_FAIL worker=5 n=158 after_ms=1 err=deposit A: deposit submission failed after retries
2026-09-26 01:06:57.013+02:00 [WARN ] GAME_FAIL worker=7 n=158 after_ms=2 err=deposit A: deposit submission failed after retries
2026-09-26 01:06:57.220+02:00 [WARN ] GAME_FAIL worker=3 n=158 after_ms=3 err=deposit A: deposit submission failed after retries
2026-09-26 01:06:57.410+02:00 [WARN ] GAME_FAIL worker=1 n=157 after_ms=20 err=deposit A: deposit submission failed after retries
2026-09-26 01:06:58.736+02:00 [WARN ] GAME_FAIL worker=4 n=157 after_ms=4 err=deposit A: deposit submission failed after retries
2026-09-26 01:06:58.736+02:00 [WARN ] GAME_FAIL worker=2 n=158 after_ms=4 err=deposit A: deposit submission failed after retries
2026-09-26 01:06:59.683+02:00 [WARN ] GAME_FAIL worker=0 n=159 after_ms=2 err=deposit A: deposit submission failed after retries
2026-09-26 01:07:00.710+02:00 [WARN ] GAME_FAIL worker=6 n=157 after_ms=0 err=deposit A: deposit submission failed after retries
2026-09-26 01:07:02.015+02:00 [WARN ] GAME_FAIL worker=7 n=159 after_ms=0 err=deposit A: deposit submission failed after retries
2026-09-26 01:07:02.015+02:00 [WARN ] GAME_FAIL worker=5 n=159 after_ms=1 err=deposit A: deposit submission failed after retries
2026-09-26 01:07:02.223+02:00 [WARN ] GAME_FAIL worker=3 n=159 after_ms=2 err=deposit A: deposit submission failed after retries
2026-09-26 01:07:02.416+02:00 [WARN ] GAME_FAIL worker=1 n=158 after_ms=3 err=deposit A: deposit submission failed after retries
2026-09-26 01:07:03.788+02:00 [WARN ] GAME_FAIL worker=2 n=159 after_ms=51 err=deposit A: deposit submission failed after retries
2026-09-26 01:07:03.788+02:00 [WARN ] GAME_FAIL worker=4 n=158 after_ms=51 err=deposit A: deposit submission failed after retries
2026-09-26 01:07:04.808+02:00 [WARN ] GAME_FAIL worker=0 n=160 after_ms=124 err=deposit A: deposit submission failed after retries
2026-09-26 01:07:05.711+02:00 [WARN ] GAME_FAIL worker=6 n=158 after_ms=0 err=deposit A: deposit submission failed after retries
2026-09-26 01:07:07.016+02:00 [WARN ] GAME_FAIL worker=7 n=160 after_ms=1 err=deposit A: deposit submission failed after retries
2026-09-26 01:07:07.017+02:00 [WARN ] GAME_FAIL worker=5 n=160 after_ms=1 err=deposit A: deposit submission failed after retries
2026-09-26 01:07:07.227+02:00 [WARN ] GAME_FAIL worker=3 n=160 after_ms=1 err=deposit A: deposit submission failed after retries
2026-09-26 01:07:07.420+02:00 [WARN ] GAME_FAIL worker=1 n=159 after_ms=2 err=deposit A: deposit submission failed after retries
2026-09-26 01:07:08.791+02:00 [WARN ] GAME_FAIL worker=2 n=160 after_ms=1 err=deposit A: deposit submission failed after retries
2026-09-26 01:07:08.791+02:00 [WARN ] GAME_FAIL worker=4 n=159 after_ms=1 err=deposit A: deposit submission failed after retries
2026-09-26 01:07:23.831+02:00 [INFO ] GAME_SUBMITTED worker=0 n=161 id=ad8024d129078315f725e63d9e90a6006f789357c206716c17f9a642a00a6810 total_submit_ms=14022 deposit_a=1 deposit_b=2 create=1 join=1 turn_a=1 turn_b=4 withdraw=1
2026-09-26 01:07:24.728+02:00 [INFO ] GAME_SUBMITTED worker=6 n=159 id=dc502b4c155e8bbeeaac94f9e7b59d228eb469b987d1356b26d17e3b0008c2e2 total_submit_ms=14015 deposit_a=1 deposit_b=1 create=0 join=2 turn_a=1 turn_b=0 withdraw=0
2026-09-26 01:07:26.246+02:00 [INFO ] GAME_SUBMITTED worker=3 n=161 id=8601637f89ecdd814ffddda935587626480c5adf487f2da9fbbac01d459d4a28 total_submit_ms=14017 deposit_a=0 deposit_b=1 create=0 join=0 turn_a=2 turn_b=1 withdraw=0
2026-09-26 01:07:26.442+02:00 [INFO ] GAME_SUBMITTED worker=1 n=160 id=26f2f754bb89f25bceba8e0a699698d1eb3ba7277a9f4ee81bae752ba639ac0b total_submit_ms=14021 deposit_a=0 deposit_b=1 create=0 join=0 turn_a=6 turn_b=0 withdraw=0
2026-09-26 01:07:27.734+02:00 [INFO ] GAME_FINISHED worker=6 n=159 id=dc502b4c155e8bbeeaac94f9e7b59d228eb469b987d1356b26d17e3b0008c2e2 state=First finish_wait_ms=3005 game_ms=17021
2026-09-26 01:07:27.809+02:00 [INFO ] GAME_SUBMITTED worker=2 n=161 id=5a50c41f660899ae4977d779fb28986fc96c3e941c1d11faa088eaa87d9c9fb0 total_submit_ms=14017 deposit_a=1 deposit_b=0 create=0 join=5 turn_a=0 turn_b=0 withdraw=1
2026-09-26 01:07:27.809+02:00 [INFO ] GAME_SUBMITTED worker=4 n=160 id=a32527f8dc9ee2d3b8fe72056a0323c26eb2cbc9c8977f75af9e3208d6a52130 total_submit_ms=14017 deposit_a=0 deposit_b=0 create=0 join=5 turn_a=0 turn_b=0 withdraw=1
2026-09-26 01:07:27.839+02:00 [INFO ] GAME_FINISHED worker=0 n=161 id=ad8024d129078315f725e63d9e90a6006f789357c206716c17f9a642a00a6810 state=First finish_wait_ms=4008 game_ms=18031
2026-09-26 01:07:30.254+02:00 [INFO ] GAME_FINISHED worker=3 n=161 id=8601637f89ecdd814ffddda935587626480c5adf487f2da9fbbac01d459d4a28 state=First finish_wait_ms=4008 game_ms=18025
2026-09-26 01:07:30.451+02:00 [INFO ] GAME_FINISHED worker=1 n=160 id=26f2f754bb89f25bceba8e0a699698d1eb3ba7277a9f4ee81bae752ba639ac0b state=First finish_wait_ms=4008 game_ms=18030
2026-09-26 01:07:31.815+02:00 [INFO ] GAME_FINISHED worker=2 n=161 id=5a50c41f660899ae4977d779fb28986fc96c3e941c1d11faa088eaa87d9c9fb0 state=First finish_wait_ms=4005 game_ms=18023
2026-09-26 01:07:31.815+02:00 [INFO ] GAME_FINISHED worker=4 n=160 id=a32527f8dc9ee2d3b8fe72056a0323c26eb2cbc9c8977f75af9e3208d6a52130 state=First finish_wait_ms=4005 game_ms=18023
2026-09-26 01:07:44.276+02:00 [INFO ] GAME_SUBMITTED worker=3 n=162 id=40e4ca87370194fb12fcc42385f8c05cb55a19700684ef0100727e6e734c7963 total_submit_ms=14022 deposit_a=10 deposit_b=0 create=0 join=0 turn_a=0 turn_b=2 withdraw=1
2026-09-26 01:07:45.834+02:00 [INFO ] GAME_SUBMITTED worker=4 n=161 id=2c16696092e5fae5d19a4278f0b3e8f5ec9bcebc7abbc4a8ffc2f6b54a3e4fc6 total_submit_ms=14018 deposit_a=0 deposit_b=2 create=1 join=1 turn_a=1 turn_b=1 withdraw=0
2026-09-26 01:07:45.834+02:00 [INFO ] GAME_SUBMITTED worker=2 n=162 id=b7f9e82d28570a947fa7aac148319af58947fe13432bd1fab9561df5d9958c95 total_submit_ms=14018 deposit_a=0 deposit_b=2 create=0 join=1 turn_a=1 turn_b=1 withdraw=0
2026-09-26 01:07:47.280+02:00 [INFO ] GAME_FINISHED worker=3 n=162 id=40e4ca87370194fb12fcc42385f8c05cb55a19700684ef0100727e6e734c7963 state=First finish_wait_ms=3003 game_ms=17026
2026-09-26 01:07:47.838+02:00 [INFO ] GAME_FINISHED worker=4 n=161 id=2c16696092e5fae5d19a4278f0b3e8f5ec9bcebc7abbc4a8ffc2f6b54a3e4fc6 state=First finish_wait_ms=2004 game_ms=16022
2026-09-26 01:07:47.838+02:00 [INFO ] GAME_FINISHED worker=2 n=162 id=b7f9e82d28570a947fa7aac148319af58947fe13432bd1fab9561df5d9958c95 state=First finish_wait_ms=2004 game_ms=16023
